name	figure_id	figure	sex	original	translit	language	tradition	subtradition	corpus	text	passage	url	occurrences	entity_type	name_role	status	relation	source	confidence
Aker	Q417407	Aker, Egyptian deity of the eastern and western horizons and an earth and underworld god	boy		Ꜣkr	Egyptian	Egyptian religion		Book of the Dead	Theban recension (Budge 1898 translation)	BD chapter 95 (Budge 1898, p. 154)	https://archive.org/details/bookdeadanengli01budggoog/page/154/mode/1up	1	deity	divine	attested		E. A. Wallis Budge, The Book of the Dead: an English translation of the chapters, hymns, etc. of the Theban recension (1898; PD), archive.org OCR; Wikidata (CC0); TLA lemmas via Wikidata lexemes (CC0)	0.8
Amun	Q58373	Amun, Egyptian and Berber deity	boy		Ꞽmn.w	Egyptian	Egyptian religion		Book of the Dead	Theban recension (Budge 1898 translation)	BD chapter 14 (Budge 1898, p. 31)	https://archive.org/details/bookdeadanengli01budggoog/page/31/mode/1up	5	deity	divine	attested	printed Amen in Budge's translation	E. A. Wallis Budge, The Book of the Dead: an English translation of the chapters, hymns, etc. of the Theban recension (1898; PD), archive.org OCR; Wikidata (CC0); TLA lemmas via Wikidata lexemes (CC0)	0.7
Anubis	Q47534	Anubis, Egyptian deity of mummification and the afterlife, usually depicted as a man with a canine head	boy		Ꞽnp.w	Egyptian	Egyptian religion		Book of the Dead	Theban recension (Budge 1898 translation)	BD chapter 1 (Budge 1898)	https://archive.org/details/bookdeadanengli01budggoog/page/n271/mode/1up	71	deity	divine	attested		E. A. Wallis Budge, The Book of the Dead: an English translation of the chapters, hymns, etc. of the Theban recension (1898; PD), archive.org OCR; Wikidata (CC0); TLA lemmas via Wikidata lexemes (CC0)	0.8
Atum	Q170569	Atum, ancient Egyptian creator deity	boy		Ꞽtm.w	Egyptian	Egyptian religion		Book of the Dead	Theban recension (Budge 1898 translation)	BD chapter 78 (Budge 1898, p. 132)	https://archive.org/details/bookdeadanengli01budggoog/page/132/mode/1up	9	deity	divine	attested	printed Tem in Budge's translation	E. A. Wallis Budge, The Book of the Dead: an English translation of the chapters, hymns, etc. of the Theban recension (1898; PD), archive.org OCR; Wikidata (CC0); TLA lemmas via Wikidata lexemes (CC0)	0.7
Bastet	Q129106	Bastet, Egyptian cat deity	girl		Bꜣs.tït	Egyptian	Egyptian religion		Book of the Dead	Theban recension (Budge 1898 translation)	BD chapter 125 (Budge 1898, p. 187)	https://archive.org/details/bookdeadanengli01budggoog/page/187/mode/1up	1	deity	divine	attested	printed Bast in Budge's translation	E. A. Wallis Budge, The Book of the Dead: an English translation of the chapters, hymns, etc. of the Theban recension (1898; PD), archive.org OCR; Wikidata (CC0); TLA lemmas via Wikidata lexemes (CC0)	0.8
Bennu	Q818378	Bennu, heron-like deity of Ancient Egyptian mythology	boy		Bn.w	Egyptian	Egyptian religion		Book of the Dead	Theban recension (Budge 1898 translation)	BD chapter 13 (Budge 1898, p. 30)	https://archive.org/details/bookdeadanengli01budggoog/page/30/mode/1up	12	deity	divine	attested		E. A. Wallis Budge, The Book of the Dead: an English translation of the chapters, hymns, etc. of the Theban recension (1898; PD), archive.org OCR; Wikidata (CC0); TLA lemmas via Wikidata lexemes (CC0)	0.8
Duamutef	Q1164867	Duamutef, deity	boy		Dwꜣ-mw.t=f	Egyptian	Egyptian religion		Book of the Dead	Theban recension (Budge 1898 translation)	BD chapter 16 (Budge 1898, p. 44)	https://archive.org/details/bookdeadanengli01budggoog/page/44/mode/1up	11	deity	divine	attested	printed Tuamautef in Budge's translation	E. A. Wallis Budge, The Book of the Dead: an English translation of the chapters, hymns, etc. of the Theban recension (1898; PD), archive.org OCR; Wikidata (CC0); TLA lemmas via Wikidata lexemes (CC0)	0.8
Geb	Q168444	Geb, Egyptian deity of the Earth	boy		Gbb	Egyptian	Egyptian religion		Book of the Dead	Theban recension (Budge 1898 translation)	BD chapter 66 (Budge 1898)	https://archive.org/details/bookdeadanengli01budggoog/page/n365/mode/1up	11	deity	divine	attested	printed Seb in Budge's translation	E. A. Wallis Budge, The Book of the Dead: an English translation of the chapters, hymns, etc. of the Theban recension (1898; PD), archive.org OCR; Wikidata (CC0); TLA lemmas via Wikidata lexemes (CC0)	0.7
Harpocrates	Q787492	Harpocrates, God-child in Egyptian mythology	boy			Egyptian	Egyptian religion		Book of the Dead	Theban recension (Budge 1898 translation)	BD chapter 168 (Budge 1898, p. 296)	https://archive.org/details/bookdeadanengli01budggoog/page/296/mode/1up	1	deity	divine	attested		E. A. Wallis Budge, The Book of the Dead: an English translation of the chapters, hymns, etc. of the Theban recension (1898; PD), archive.org OCR; Wikidata (CC0); TLA lemmas via Wikidata lexemes (CC0)	0.8
Hathor	Q133343	Hathor, major goddess in ancient Egyptian religion	girl		Ḥw.t-Ḥr.w	Egyptian	Egyptian religion		Book of the Dead	Theban recension (Budge 1898 translation)	BD chapter 35 (Budge 1898, p. 84)	https://archive.org/details/bookdeadanengli01budggoog/page/84/mode/1up	22	deity	divine	attested		E. A. Wallis Budge, The Book of the Dead: an English translation of the chapters, hymns, etc. of the Theban recension (1898; PD), archive.org OCR; Wikidata (CC0); TLA lemmas via Wikidata lexemes (CC0)	0.8
Horus	Q84122	Horus, Egyptian sky deity	boy		Ḥr.w	Egyptian	Egyptian religion		Book of the Dead	Theban recension (Budge 1898 translation)	BD chapter 1 (Budge 1898)	https://archive.org/details/bookdeadanengli01budggoog/page/n271/mode/1up	190	deity	divine	attested		E. A. Wallis Budge, The Book of the Dead: an English translation of the chapters, hymns, etc. of the Theban recension (1898; PD), archive.org OCR; Wikidata (CC0); TLA lemmas via Wikidata lexemes (CC0)	0.8
Imsety	Q1128502	Imsety, Egyptian deity	boy		Ꞽms.tï	Egyptian	Egyptian religion		Book of the Dead	Theban recension (Budge 1898 translation)	BD chapter 16 (Budge 1898, p. 44)	https://archive.org/details/bookdeadanengli01budggoog/page/44/mode/1up	8	deity	divine	attested	printed Mestha in Budge's translation	E. A. Wallis Budge, The Book of the Dead: an English translation of the chapters, hymns, etc. of the Theban recension (1898; PD), archive.org OCR; Wikidata (CC0); TLA lemmas via Wikidata lexemes (CC0)	0.8
Isis	Q79876	Isis, Egyptian deity	girl		Ꜣs.t	Egyptian	Egyptian religion		Book of the Dead	Theban recension (Budge 1898 translation)	BD chapter 15 (Budge 1898, p. 33)	https://archive.org/details/bookdeadanengli01budggoog/page/33/mode/1up	68	deity	divine	attested		E. A. Wallis Budge, The Book of the Dead: an English translation of the chapters, hymns, etc. of the Theban recension (1898; PD), archive.org OCR; Wikidata (CC0); TLA lemmas via Wikidata lexemes (CC0)	0.8
Khepri	Q215940	Khepri, Egyptian deity of the rising sun	boy		Ḫprꞽ	Egyptian	Egyptian religion		Book of the Dead	Theban recension (Budge 1898 translation)	BD chapter 17 (Budge 1898, p. 47)	https://archive.org/details/bookdeadanengli01budggoog/page/47/mode/1up	11	deity	divine	attested	printed Khepera in Budge's translation	E. A. Wallis Budge, The Book of the Dead: an English translation of the chapters, hymns, etc. of the Theban recension (1898; PD), archive.org OCR; Wikidata (CC0); TLA lemmas via Wikidata lexemes (CC0)	0.8
Khnum	Q183097	Khnum, god of creation and the waters in Egyptian mythology	boy		H̱nm.w	Egyptian	Egyptian religion		Book of the Dead	Theban recension (Budge 1898 translation)	BD chapter 30 (Budge 1898, p. 78)	https://archive.org/details/bookdeadanengli01budggoog/page/78/mode/1up	2	deity	divine	attested	printed Khnemu in Budge's translation	E. A. Wallis Budge, The Book of the Dead: an English translation of the chapters, hymns, etc. of the Theban recension (1898; PD), archive.org OCR; Wikidata (CC0); TLA lemmas via Wikidata lexemes (CC0)	0.8
Maat	Q170471	Maat, Egyptian deity	girl		Mꜣꜥ.t	Egyptian	Egyptian religion		Book of the Dead	Theban recension (Budge 1898 translation)	BD chapter 12 (Budge 1898, p. 29)	https://archive.org/details/bookdeadanengli01budggoog/page/29/mode/1up	29	deity	divine	attested		E. A. Wallis Budge, The Book of the Dead: an English translation of the chapters, hymns, etc. of the Theban recension (1898; PD), archive.org OCR; Wikidata (CC0); TLA lemmas via Wikidata lexemes (CC0)	0.8
Mehen	Q2500615	Mehen, Egyptian god	boy			Egyptian	Egyptian religion		Book of the Dead	Theban recension (Budge 1898 translation)	BD chapter 130 (Budge 1898, p. 207)	https://archive.org/details/bookdeadanengli01budggoog/page/207/mode/1up	1	deity	divine	attested		E. A. Wallis Budge, The Book of the Dead: an English translation of the chapters, hymns, etc. of the Theban recension (1898; PD), archive.org OCR; Wikidata (CC0); TLA lemmas via Wikidata lexemes (CC0)	0.8
Mehet-Weret	Q847958	Mehet-Weret, ancient Egyptian goddess	girl			Egyptian	Egyptian religion		Book of the Dead	Theban recension (Budge 1898 translation)	BD chapter 16 (Budge 1898, p. 44)	https://archive.org/details/bookdeadanengli01budggoog/page/44/mode/1up	1	deity	divine	attested	printed Meh-urt in Budge's translation	E. A. Wallis Budge, The Book of the Dead: an English translation of the chapters, hymns, etc. of the Theban recension (1898; PD), archive.org OCR; Wikidata (CC0); TLA lemmas via Wikidata lexemes (CC0)	0.8
Min	Q192322	Min, Egyptian deity	boy		Mnw	Egyptian	Egyptian religion		Book of the Dead	Theban recension (Budge 1898 translation)	BD chapter 125 (Budge 1898, p. 187)	https://archive.org/details/bookdeadanengli01budggoog/page/187/mode/1up	1	deity	divine	attested	printed Amsu in Budge's translation	E. A. Wallis Budge, The Book of the Dead: an English translation of the chapters, hymns, etc. of the Theban recension (1898; PD), archive.org OCR; Wikidata (CC0); TLA lemmas via Wikidata lexemes (CC0)	0.7
Mnevis	Q1067292	Mnevis, ancient Egyptian bull deity	boy		Mr-wr	Egyptian	Egyptian religion		Book of the Dead	Theban recension (Budge 1898 translation)	BD chapter 99 (Budge 1898, p. 156)	https://archive.org/details/bookdeadanengli01budggoog/page/156/mode/1up	1	deity	divine	attested		E. A. Wallis Budge, The Book of the Dead: an English translation of the chapters, hymns, etc. of the Theban recension (1898; PD), archive.org OCR; Wikidata (CC0); TLA lemmas via Wikidata lexemes (CC0)	0.8
Monthu	Q626032	Monthu, falcon-god of war in Ancient Egyptian religion	boy		Mnṯ.w	Egyptian	Egyptian religion		Book of the Dead	Theban recension (Budge 1898 translation)	BD chapter 171 (Budge 1898)	https://archive.org/details/bookdeadanengli01budggoog/page/n555/mode/1up	1	deity	divine	attested	printed Menthu in Budge's translation	E. A. Wallis Budge, The Book of the Dead: an English translation of the chapters, hymns, etc. of the Theban recension (1898; PD), archive.org OCR; Wikidata (CC0); TLA lemmas via Wikidata lexemes (CC0)	0.8
Neith	Q191815	Neith, Egyptian goddess	girl		Nꞽ.t	Egyptian	Egyptian religion		Book of the Dead	Theban recension (Budge 1898 translation)	BD chapter 114 (Budge 1898, p. 178)	https://archive.org/details/bookdeadanengli01budggoog/page/178/mode/1up	2	deity	divine	attested		E. A. Wallis Budge, The Book of the Dead: an English translation of the chapters, hymns, etc. of the Theban recension (1898; PD), archive.org OCR; Wikidata (CC0); TLA lemmas via Wikidata lexemes (CC0)	0.7
Nephthys	Q169040	Nephthys, Egyptian deity	girl		Nb.t-ḥw.t	Egyptian	Egyptian religion		Book of the Dead	Theban recension (Budge 1898 translation)	BD chapter 16 (Budge 1898, p. 44)	https://archive.org/details/bookdeadanengli01budggoog/page/44/mode/1up	19	deity	divine	attested		E. A. Wallis Budge, The Book of the Dead: an English translation of the chapters, hymns, etc. of the Theban recension (1898; PD), archive.org OCR; Wikidata (CC0); TLA lemmas via Wikidata lexemes (CC0)	0.8
Nut	Q165496	Nut, goddess of the sky in the Ennead of Egyptian mythology	girl		Nw.t	Egyptian	Egyptian religion		Book of the Dead	Theban recension (Budge 1898 translation)	BD chapter 15 (Budge 1898, p. 33)	https://archive.org/details/bookdeadanengli01budggoog/page/33/mode/1up	24	deity	divine	attested		E. A. Wallis Budge, The Book of the Dead: an English translation of the chapters, hymns, etc. of the Theban recension (1898; PD), archive.org OCR; Wikidata (CC0); TLA lemmas via Wikidata lexemes (CC0)	0.7
Osiris	Q46491	Osiris, god of the afterlife in Egyptian mythology	boy		Wsꞽr	Egyptian	Egyptian religion		Book of the Dead	Theban recension (Budge 1898 translation)	BD chapter 1 (Budge 1898)	https://archive.org/details/bookdeadanengli01budggoog/page/n271/mode/1up	723	deity	divine	attested		E. A. Wallis Budge, The Book of the Dead: an English translation of the chapters, hymns, etc. of the Theban recension (1898; PD), archive.org OCR; Wikidata (CC0); TLA lemmas via Wikidata lexemes (CC0)	0.8
Ptah	Q146321	Ptah, ancient Egyptian deity	boy		Ptḥ	Egyptian	Egyptian religion		Book of the Dead	Theban recension (Budge 1898 translation)	BD chapter 4 (Budge 1898, p. 25)	https://archive.org/details/bookdeadanengli01budggoog/page/25/mode/1up	19	deity	divine	attested		E. A. Wallis Budge, The Book of the Dead: an English translation of the chapters, hymns, etc. of the Theban recension (1898; PD), archive.org OCR; Wikidata (CC0); TLA lemmas via Wikidata lexemes (CC0)	0.8
Qebehsenuef	Q1344074	Qebehsenuef, Egyptian deity	boy			Egyptian	Egyptian religion		Book of the Dead	Theban recension (Budge 1898 translation)	BD chapter 16 (Budge 1898, p. 44)	https://archive.org/details/bookdeadanengli01budggoog/page/44/mode/1up	7	deity	divine	attested	printed Qebhsennuf in Budge's translation	E. A. Wallis Budge, The Book of the Dead: an English translation of the chapters, hymns, etc. of the Theban recension (1898; PD), archive.org OCR; Wikidata (CC0); TLA lemmas via Wikidata lexemes (CC0)	0.8
Ra	Q1252904	Ra, ancient Egyptian solar deity	boy		Rꜥw	Egyptian	Egyptian religion		Book of the Dead	Theban recension (Budge 1898 translation)	BD chapter 3 (Budge 1898, p. 24)	https://archive.org/details/bookdeadanengli01budggoog/page/24/mode/1up	139	deity	divine	attested		E. A. Wallis Budge, The Book of the Dead: an English translation of the chapters, hymns, etc. of the Theban recension (1898; PD), archive.org OCR; Wikidata (CC0); TLA lemmas via Wikidata lexemes (CC0)	0.7
Sekhmet	Q146104	Sekhmet, Egyptian deity	girl		Sḫm.t	Egyptian	Egyptian religion		Book of the Dead	Theban recension (Budge 1898 translation)	BD chapter 42 (Budge 1898, p. 92)	https://archive.org/details/bookdeadanengli01budggoog/page/92/mode/1up	6	deity	divine	attested	printed Sekhet in Budge's translation	E. A. Wallis Budge, The Book of the Dead: an English translation of the chapters, hymns, etc. of the Theban recension (1898; PD), archive.org OCR; Wikidata (CC0); TLA lemmas via Wikidata lexemes (CC0)	0.7
Serket	Q207636	Serket, Egyptian deity	girl		Srq.t	Egyptian	Egyptian religion		Book of the Dead	Theban recension (Budge 1898 translation)	BD chapter 30 (Budge 1898, p. 78)	https://archive.org/details/bookdeadanengli01budggoog/page/78/mode/1up	3	deity	divine	attested	printed Serqet in Budge's translation	E. A. Wallis Budge, The Book of the Dead: an English translation of the chapters, hymns, etc. of the Theban recension (1898; PD), archive.org OCR; Wikidata (CC0); TLA lemmas via Wikidata lexemes (CC0)	0.8
Seth	Q131795	Seth, God of the desert, storms, and foreigners in ancient Egyptian religion	boy		Stẖ	Egyptian	Egyptian religion		Book of the Dead	Theban recension (Budge 1898 translation)	BD chapter 4 (Budge 1898, p. 25)	https://archive.org/details/bookdeadanengli01budggoog/page/25/mode/1up	27	deity	divine	attested	printed Set in Budge's translation	E. A. Wallis Budge, The Book of the Dead: an English translation of the chapters, hymns, etc. of the Theban recension (1898; PD), archive.org OCR; Wikidata (CC0); TLA lemmas via Wikidata lexemes (CC0)	0.7
Shu	Q170138	Shu, primordial Egyptian god, a personification of dry air, spouse and counterpart to goddess Tefnut	boy		Šw	Egyptian	Egyptian religion		Book of the Dead	Theban recension (Budge 1898 translation)	BD chapter 17 (Budge 1898, p. 47)	https://archive.org/details/bookdeadanengli01budggoog/page/47/mode/1up	11	deity	divine	attested		E. A. Wallis Budge, The Book of the Dead: an English translation of the chapters, hymns, etc. of the Theban recension (1898; PD), archive.org OCR; Wikidata (CC0); TLA lemmas via Wikidata lexemes (CC0)	0.7
Sobek	Q146313	Sobek, Egyptian crocodile deity	boy		Sbk	Egyptian	Egyptian religion		Book of the Dead	Theban recension (Budge 1898 translation)	BD chapter 107 (Budge 1898, p. 166)	https://archive.org/details/bookdeadanengli01budggoog/page/166/mode/1up	9	deity	divine	attested	printed Sebek in Budge's translation	E. A. Wallis Budge, The Book of the Dead: an English translation of the chapters, hymns, etc. of the Theban recension (1898; PD), archive.org OCR; Wikidata (CC0); TLA lemmas via Wikidata lexemes (CC0)	0.8
Tefnut	Q116273	Tefnut, deity of moisture, moist air, dew and rain in Ancient Egyptian religion	girl		Tfn.t	Egyptian	Egyptian religion		Book of the Dead	Theban recension (Budge 1898 translation)	BD chapter 15 (Budge 1898, p. 58)	https://archive.org/details/bookdeadanengli01budggoog/page/58/mode/1up	7	deity	divine	attested		E. A. Wallis Budge, The Book of the Dead: an English translation of the chapters, hymns, etc. of the Theban recension (1898; PD), archive.org OCR; Wikidata (CC0); TLA lemmas via Wikidata lexemes (CC0)	0.8
Thoth	Q146921	Thoth, Egyptian deity	boy		Ḏḥw.tï	Egyptian	Egyptian religion		Book of the Dead	Theban recension (Budge 1898 translation)	BD chapter 8 (Budge 1898, p. 27)	https://archive.org/details/bookdeadanengli01budggoog/page/27/mode/1up	93	deity	divine	attested		E. A. Wallis Budge, The Book of the Dead: an English translation of the chapters, hymns, etc. of the Theban recension (1898; PD), archive.org OCR; Wikidata (CC0); TLA lemmas via Wikidata lexemes (CC0)	0.8
Wepwawet	Q372560	Wepwawet, Egyptian deity of funerary rites, war, and royalty association, whose cult centre was Asyut in Upper Egypt (Lycopolis in the Greco-Roman period).	boy		Wp-wꜣ.wt	Egyptian	Egyptian religion		Book of the Dead	Theban recension (Budge 1898 translation)	BD chapter 15 (Budge 1898, p. 58)	https://archive.org/details/bookdeadanengli01budggoog/page/58/mode/1up	9	deity	divine	attested	printed Ap-uat in Budge's translation	E. A. Wallis Budge, The Book of the Dead: an English translation of the chapters, hymns, etc. of the Theban recension (1898; PD), archive.org OCR; Wikidata (CC0); TLA lemmas via Wikidata lexemes (CC0)	0.8
