name	arabic	scholarly	sex	evidence	woman_type	who	century	language	meaning	deity	source	tier	ease	confidence
Abla	عبلة	ʿAbla	g	PERSON	BELOVED	ʿAbla, the beloved addressed in ʿAntara's Muʿallaqa	6th c. CE	Old Arabic			Muʿallaqa of ʿAntara https://ar.wikisource.org/wiki/هل_غادر_الشعراء_من_متردم_(معلقة)	2	1	secure
Amina	آمنة	Āmina	g	PERSON	HISTORICAL	Amina bint Wahb of Quraysh, mother of Muhammad, d. c. 577	6th c. CE	Old Arabic			Ibn Hisham, al-Sira al-Nabawiyya https://en.wikipedia.org/wiki/Amina_bint_Wahb	3	1	secure
Arwa	أروى	Arwā	g	PERSON	HISTORICAL	Arwa bint ʿAbd al-Muttalib of Quraysh	6th c. CE	Old Arabic			Ibn Saʿd, al-Tabaqat al-Kubra, vol. 8 https://en.wikipedia.org/wiki/Arwa_bint_Abd_al-Muttalib	3	1	secure
Asma	أسماء	Asmāʾ	g	PERSON	BELOVED	Asmaʾ, the departing beloved in the first line of al-Harith ibn Hilliza's Muʿallaqa	6th c. CE	Old Arabic			Muʿallaqa of al-Harith ibn Hilliza https://ar.wikisource.org/wiki/آذنتنا_ببينها_أسماء_(معلقة)	2	1	secure
Atika	عاتكة	ʿĀtika	g	PERSON	HISTORICAL	Atika bint ʿAbd al-Muttalib of Quraysh	6th c. CE	Old Arabic			Ibn Hisham, al-Sira al-Nabawiyya https://en.wikipedia.org/wiki/Atika_bint_Abd_al-Muttalib	3	1	secure
Baraka	بركة	Baraka	g	PERSON	HISTORICAL	Baraka (Umm Ayman), Muhammad's nurse at Mecca	6th c. CE	Old Arabic	blessing		Ibn Saʿd, al-Tabaqat al-Kubra, vol. 8 https://en.wikipedia.org/wiki/Umm_Ayman	3	1	secure
Fakhita	فاختة	Fākhita	g	PERSON	HISTORICAL	Fakhita bint Abi Talib (Umm Hani) of Quraysh, born before 610	6th–7th c. CE	Old Arabic			Ibn Saʿd, al-Tabaqat al-Kubra, vol. 8 https://en.wikipedia.org/wiki/Fakhitah_bint_Abi_Talib	3	1	secure
Fatima	فاطمة	Fāṭima	g	PERSON	BELOVED	Fatima, the beloved addressed in Imruʾ al-Qays's Muʿallaqa; also Fatima bint Asad of Quraysh, b. c. 555	6th c. CE	Old Arabic	one who weans		Muʿallaqa of Imruʾ al-Qays https://ar.wikisource.org/wiki/معلقة_امرئ_القيس; meaning: Lane	2	1	secure
Hafsa	حفصة	Ḥafṣa	g	PERSON	HISTORICAL	Hafsa bint ʿUmar of Quraysh, b. c. 605	7th c. CE	Old Arabic			Ibn Saʿd, al-Tabaqat al-Kubra, vol. 8 https://en.wikipedia.org/wiki/Hafsa_bint_Umar	3	1	secure
Hala	هالة	Hāla	g	PERSON	HISTORICAL	Hala bint Khuwaylid of Quraysh, sister of Khadija	6th c. CE	Old Arabic	halo round the moon		Ibn Saʿd, al-Tabaqat al-Kubra, vol. 8; meaning: Lane https://en.wikipedia.org/wiki/Khadija_bint_Khuwaylid	3	1	secure
Halima	حليمة	Ḥalīma	g	PERSON	HISTORICAL	Halima of Banu Saʿd ibn Bakr, Muhammad's foster-mother	6th c. CE	Old Arabic	forbearing, gentle		Ibn Hisham, al-Sira al-Nabawiyya (fosterage among Banu Saʿd); meaning: Lane	3	1	secure
Hamna	حمنة	Ḥamna	g	PERSON	HISTORICAL	Hamna bint Jahsh of Asad ibn Khuzayma, born before 610	6th–7th c. CE	Old Arabic			Ibn Saʿd, al-Tabaqat al-Kubra, vol. 8 https://en.wikipedia.org/wiki/Hammanah_bint_Jahsh	3	1	secure
Hind	هند	Hind	g	PERSON	HISTORICAL	Hind, mother of the Lakhmid king ʿAmr ibn Hind (r. 554–569), named in ʿAmr ibn Kulthum's Muʿallaqa	6th c. CE	Old Arabic	a hundred camels		Muʿallaqa of ʿAmr ibn Kulthum https://ar.wikisource.org/wiki/ألا_هبي_بصحنك_فاصبحينا_(معلقة); meaning: Lane, Arabic-English Lexicon	2	1	secure
Kabsha	كبشة	Kabsha	g	PERSON	HISTORICAL	Kabsha, daughter of ʿUrwa al-Rahhal of Kilab, mother of the chief ʿAmir ibn al-Tufayl	6th c. CE	Old Arabic			Lyall, The Mufaddaliyat vol. II (1918) https://archive.org/details/mufaddaliyatanth00mufauoft	3	1	secure
Layla	ليلى	Laylā	g	PERSON	HISTORICAL	Layla bint al-Muhalhil of Taghlib, mother of the poet ʿAmr ibn Kulthum (not in the Muʿallaqat)	6th c. CE	Old Arabic			Lyall, The Mufaddaliyat vol. II (1918), notes citing Kitab al-Aghani https://archive.org/details/mufaddaliyatanth00mufauoft	3	1	secure
Lubaba	لبابة	Lubāba	g	PERSON	HISTORICAL	Lubaba bint al-Harith (Umm al-Fadl) of Hilal, b. c. 593	6th c. CE	Old Arabic			Ibn Saʿd, al-Tabaqat al-Kubra https://en.wikipedia.org/wiki/Lubaba_bint_al-Harith	3	1	secure
Nawar	نوار	Nawār	g	PERSON	BELOVED	Nawar, the beloved in Labid's Muʿallaqa	6th c. CE	Old Arabic			Muʿallaqa of Labid https://ar.wikisource.org/wiki/عفت_الديار_محلها_فمقامها_(معلقة)	2	1	secure
Rabab	رباب	al-Rabāb	g	PERSON	LITERARY	al-Rabab, known in Imruʾ al-Qays's Muʿallaqa only through the by-name Umm al-Rabab; a nasib name in the Mufaddaliyyat	6th c. CE	Old Arabic			Muʿallaqa of Imruʾ al-Qays https://ar.wikisource.org/wiki/معلقة_امرئ_القيس; Lyall, The Mufaddaliyat vol. II (1918) https://archive.org/details/mufaddaliyatanth00mufauoft	2	1	provisional
Ramla	رملة	Ramla	g	PERSON	HISTORICAL	Ramla bint Abi Sufyan (Umm Habiba) of Quraysh, b. c. 594	6th c. CE	Old Arabic	a tract of sand		Ibn Saʿd, al-Tabaqat al-Kubra, vol. 8; meaning: Lane https://en.wikipedia.org/wiki/Ramla_bint_Abi_Sufyan	3	1	secure
Rayhana	ريحانة	Rayḥāna	g	PERSON	HISTORICAL	Rayhana bint Zayd of the Banu Nadir, born before 610	6th–7th c. CE	Old Arabic	sweet basil		Ibn Saʿd, al-Tabaqat al-Kubra https://en.wikipedia.org/wiki/Rayhana_bint_Zayd	3	1	secure
Salma	سلمى	Salmā	g	PERSON	HISTORICAL	Salma bint ʿAmr of Banu al-Najjar, mother of ʿAbd al-Muttalib; also the beloved in al-Musayyab ibn ʿAlas's ode	5th–6th c. CE	Old Arabic			Ibn Hisham, al-Sira al-Nabawiyya; Lyall, The Mufaddaliyat vol. II (1918) https://en.wikipedia.org/wiki/Salma_bint_Amr https://archive.org/details/mufaddaliyatanth00mufauoft	3	1	secure
Sawda	سودة	Sawda	g	PERSON	HISTORICAL	Sawda bint Zamʿa of Quraysh, born before 610	6th c. CE	Old Arabic			Ibn Saʿd, al-Tabaqat al-Kubra, vol. 8 https://en.wikipedia.org/wiki/Sawda_bint_Zamʿa	3	1	secure
Shifa	الشفاء	al-Shifāʾ	g	PERSON	HISTORICAL	al-Shifaʾ bint ʿAbd Allah of ʿAdi, Quraysh, born before 610	6th–7th c. CE	Old Arabic	healing		Ibn Saʿd, al-Tabaqat al-Kubra, vol. 8 https://en.wikipedia.org/wiki/Al-Shifa_bint_Abdullah	3	1	secure
Abbas	عباس	al-ʿAbbās	b	PERSON		al-ʿAbbas ibn ʿAbd al-Muttalib of Quraysh, b. c. 568	6th c. CE	Old Arabic			Ibn Hisham, al-Sira al-Nabawiyya https://en.wikipedia.org/wiki/Al-Abbas_ibn_Abd_al-Muttalib	3	1	secure
Abdullah	عبد الله	ʿAbd Allāh	b	PERSON		ʿAbd Allah ibn ʿAbd al-Muttalib, father of Muhammad, c. 545–570	6th c. CE	Old Arabic	servant of God	Allah	Ibn Hisham, al-Sira al-Nabawiyya https://en.wikipedia.org/wiki/Abdullah_ibn_Abd_al-Muttalib	3	1	secure
Abid	عبيد	ʿAbīd	b	PERSON		ʿAbid ibn al-Abras of Asad, poet whose ode is counted among the ten Muʿallaqat	6th c. CE	Old Arabic			the Muʿallaqat https://ar.wikisource.org/wiki/معلقة_عبيد_بن_الأبرص	2	1	secure
Adi	عدي	ʿAdī	b	PERSON		ʿAdi ibn Zayd, Christian poet of al-Hira, d. c. 600 (not in the Muʿallaqat)	6th c. CE	Old Arabic			Kitab al-Aghani; Lyall, The Mufaddaliyat vol. II (1918) https://en.wikipedia.org/wiki/Adi_ibn_Zayd	3	1	secure
Adnan	عدنان	ʿAdnān	b	PERSON		ʿAdnan, ancestor of the northern Arabs in the genealogies	traditional genealogy	Old Arabic			Ibn Hazm, Jamharat Ansab al-ʿArab; Ibn Hisham, al-Sira al-Nabawiyya https://en.wikipedia.org/wiki/Adnan	3	1	provisional
Ali	علي	ʿAlī	b	PERSON		ʿAli ibn Abi Talib of Quraysh, b. c. 600	7th c. CE	Old Arabic	high, exalted		Ibn Hisham, al-Sira al-Nabawiyya https://en.wikipedia.org/wiki/Ali	3	1	secure
Amir	عامر	ʿĀmir	b	PERSON		ʿAmir ibn al-Tufayl, chief and poet of ʿAmir ibn Saʿsaʿa	6th–7th c. CE	Old Arabic			Kitab al-Aghani; Lyall, The Mufaddaliyat vol. II (1918) https://en.wikipedia.org/wiki/Amir_ibn_al-Tufayl	3	1	secure
Ammar	عمار	ʿAmmār	b	PERSON		ʿAmmar ibn Yasir of Mecca, b. c. 567	6th c. CE	Old Arabic			Ibn Saʿd, al-Tabaqat al-Kubra https://en.wikipedia.org/wiki/Ammar_ibn_Yasir	3	1	secure
Asad	أسد	Asad	b	PERSON		Asad ibn Hashim of Quraysh	6th c. CE	Old Arabic	lion		Ibn Hisham, al-Sira al-Nabawiyya; meaning: Lane https://en.wikipedia.org/wiki/Asad_ibn_Hashim	3	1	secure
Bilal	بلال	Bilāl	b	PERSON		Bilal ibn Rabah of Mecca, b. c. 580	6th c. CE	Old Arabic			Ibn Saʿd, al-Tabaqat al-Kubra https://en.wikipedia.org/wiki/Bilal_ibn_Rabah	3	1	secure
Hakim	حكيم	Ḥakīm	b	PERSON		Hakim ibn Hizam of Quraysh, Khadija's nephew, b. c. 570s	6th c. CE	Old Arabic	wise		Ibn Saʿd, al-Tabaqat al-Kubra https://en.wikipedia.org/wiki/Hakim_ibn_Hizam	3	1	secure
Hamza	حمزة	Ḥamza	b	PERSON		Hamza ibn ʿAbd al-Muttalib of Quraysh, b. c. 568	6th c. CE	Old Arabic			Ibn Hisham, al-Sira al-Nabawiyya https://en.wikipedia.org/wiki/Hamza_ibn_Abd_al-Muttalib	3	1	secure
Hani	هانئ	Hāniʾ	b	PERSON		Hani ibn Masʿud of Shayban, a chief at the Battle of Dhu Qar, c. 609	7th c. CE	Old Arabic			al-Tabari, Tarikh al-Rusul wa-l-Muluk https://en.wikipedia.org/wiki/Battle_of_Dhi_Qar	3	1	secure
Harb	حرب	Ḥarb	b	PERSON		Harb ibn Umayya, chief of Quraysh	6th c. CE	Old Arabic	war		Ibn Hisham, al-Sira al-Nabawiyya https://en.wikipedia.org/wiki/Harb_ibn_Umayya	3	1	secure
Harith	حارث	al-Ḥārith	b	PERSON		al-Harith ibn Hilliza of Yashkur, poet of a Muʿallaqa	6th c. CE	Old Arabic	ploughman		the Muʿallaqat https://ar.wikisource.org/wiki/آذنتنا_ببينها_أسماء_(معلقة); meaning: Lane	2	1	secure
Hashim	هاشم	Hāshim	b	PERSON		Hashim ibn ʿAbd Manaf, chief of Quraysh	5th c. CE	Old Arabic			Ibn Hisham, al-Sira al-Nabawiyya https://en.wikipedia.org/wiki/Hashim_ibn_Abd_Manaf	3	1	secure
Hassan	حسان	Ḥassān	b	PERSON		Hassan ibn Thabit of Yathrib, poet before Islam, b. c. 563	6th c. CE	Old Arabic			Kitab al-Aghani https://en.wikipedia.org/wiki/Hassan_ibn_Thabit	3	1	secure
Hatim	حاتم	Ḥātim	b	PERSON		Hatim al-Taʾi, chief and poet of Tayyiʾ	6th c. CE	Old Arabic			Kitab al-Aghani https://en.wikipedia.org/wiki/Hatim_al-Tai	3	1	secure
Hilal	هلال	Hilāl	b	PERSON		Hilal ibn ʿAmir, eponym of the Banu Hilal	traditional genealogy	Old Arabic	new moon		Ibn Hazm, Jamharat Ansab al-ʿArab https://en.wikipedia.org/wiki/Banu_Hilal	3	1	provisional
Hisham	هشام	Hishām	b	PERSON		Hisham ibn al-Mughira, chief of Makhzum	6th c. CE	Old Arabic			Ibn Hisham, al-Sira al-Nabawiyya https://en.wikipedia.org/wiki/Hisham_ibn_al-Mughira	3	1	secure
Ilyas	إلياس	Ilyās	b	PERSON		Ilyas ibn Mudar, ancestor in the genealogies	traditional genealogy	Old Arabic			Ibn Hazm, Jamharat Ansab al-ʿArab https://en.wikipedia.org/wiki/Ilyas_ibn_Mudar	3	1	provisional
Kinana	كنانة	Kināna	b	PERSON		Kinana ibn Khuzayma, ancestor of Quraysh in the genealogies	traditional genealogy	Old Arabic	quiver		Ibn Hazm, Jamharat Ansab al-ʿArab; Ibn Hisham, al-Sira al-Nabawiyya https://en.wikipedia.org/wiki/Kinana	3	1	provisional
Labid	لبيد	Labīd	b	PERSON		Labid ibn Rabiʿa of ʿAmir, poet of a Muʿallaqa, b. c. 560	6th c. CE	Old Arabic			the Muʿallaqat https://ar.wikisource.org/wiki/عفت_الديار_محلها_فمقامها_(معلقة)	2	1	secure
Malik	مالك	Mālik	b	INSCRIPTION		the Nabataean kings Malichus I and II (Nabataean mlkw, Maliku); also Tarafa's cousin Malik in his Muʿallaqa	1st c. BCE–1st c. CE	Nabataean	owner, possessor		Nabataean coins and inscriptions https://en.wikipedia.org/wiki/Malichus_II; Muʿallaqa of Tarafa https://ar.wikisource.org/wiki/لخولة_أطلال_ببرقة_ثهمد_(معلقة)	1	1	secure
Mudar	مضر	Muḍar	b	PERSON		Mudar ibn Nizar, ancestor in the genealogies	traditional genealogy	Old Arabic			Ibn Hazm, Jamharat Ansab al-ʿArab https://en.wikipedia.org/wiki/Mudar	3	1	provisional
Nawfal	نوفل	Nawfal	b	PERSON		Nawfal ibn ʿAbd Manaf of Quraysh	6th c. CE	Old Arabic			Ibn Hisham, al-Sira al-Nabawiyya https://en.wikipedia.org/wiki/Nawfal_ibn_Abd_Manaf	3	1	secure
Nizar	نزار	Nizār	b	PERSON		Nizar ibn Maʿadd, ancestor in the genealogies	traditional genealogy	Old Arabic			Ibn Hazm, Jamharat Ansab al-ʿArab https://en.wikipedia.org/wiki/Nizar_ibn_Ma'add	3	1	provisional
Omar	عمر	ʿUmar	b	PERSON		ʿUmar ibn al-Khattab of Quraysh, b. c. 584	6th c. CE	Old Arabic			Ibn Saʿd, al-Tabaqat al-Kubra https://en.wikipedia.org/wiki/Umar	3	1	secure
Talib	طالب	Ṭālib	b	PERSON		Talib ibn Abi Talib of Quraysh	6th c. CE	Old Arabic	seeker		Ibn Hisham, al-Sira al-Nabawiyya https://en.wikipedia.org/wiki/Talib_ibn_Abi_Talib	3	1	secure
Tamim	تميم	Tamīm	b	PERSON		Tamim ibn Murr, eponym of the tribe of Tamim	traditional genealogy	Old Arabic			Ibn Hazm, Jamharat Ansab al-ʿArab https://en.wikipedia.org/wiki/Tamim_ibn_Murr	3	1	provisional
Urwa	عروة	ʿUrwa	b	PERSON		ʿUrwa ibn al-Ward of ʿAbs, outlaw poet	6th c. CE	Old Arabic			Kitab al-Aghani https://en.wikipedia.org/wiki/Urwa_ibn_al-Ward	3	1	secure
Walid	الوليد	al-Walīd	b	PERSON		al-Walid ibn al-Mughira, chief of Makhzum	6th c. CE	Old Arabic	newborn boy		Ibn Hisham, al-Sira al-Nabawiyya https://en.wikipedia.org/wiki/Al-Walid_ibn_al-Mughira	3	1	secure
Waraqa	ورقة	Waraqa	b	PERSON		Waraqa ibn Nawfal of Quraysh, Christian scholar, d. c. 610	6th c. CE	Old Arabic			Ibn Hisham, al-Sira al-Nabawiyya https://en.wikipedia.org/wiki/Waraqah_ibn_Nawfal	3	1	secure
Yasir	ياسر	Yāsir	b	PERSON		Yasir ibn ʿAmir of Madhhij, settled at Mecca	6th c. CE	Old Arabic			Ibn Saʿd, al-Tabaqat al-Kubra https://en.wikipedia.org/wiki/Yasir_ibn_Amir	3	1	secure
Yazid	يزيد	Yazīd	b	PERSON		Yazid of Banu Shayban, addressed in al-Aʿsha's Muʿallaqa	6th–7th c. CE	Old Arabic	he increases		Muʿallaqa of al-Aʿsha https://ar.wikisource.org/wiki/ودع_هريرة_إن_الركب_مرتحل_(معلقة)	2	1	secure
Huldu	خلدو	Ḥuldū	g	INSCRIPTION	HISTORICAL	Queen Huldu, wife of the Nabataean king Aretas IV, on coins and inscriptions	1st c. BCE–1st c. CE	Nabataean			Nabataean coins and inscriptions https://en.wikipedia.org/wiki/Huldu	1	2	secure
Huraira	هريرة	Hurayra	g	PERSON	BELOVED	Hurayra, a singing-girl celebrated in the first line of al-Aʿsha's Muʿallaqa	6th–7th c. CE	Old Arabic			Muʿallaqa of al-Aʿsha https://ar.wikisource.org/wiki/ودع_هريرة_إن_الركب_مرتحل_(معلقة); Lyall, The Mufaddaliyat vol. II (1918) https://archive.org/details/mufaddaliyatanth00mufauoft	2	2	secure
Khadija	خديجة	Khadīja	g	PERSON	HISTORICAL	Khadija bint Khuwaylid of Quraysh, c. 555–619	6th c. CE	Old Arabic			Ibn Saʿd, al-Tabaqat al-Kubra, vol. 8; Ibn Hisham, al-Sira al-Nabawiyya https://en.wikipedia.org/wiki/Khadija_bint_Khuwaylid	3	2	secure
Khansa	الخنساء	al-Khansāʾ	g	PERSON	HISTORICAL	al-Khansaʾ (Tumadir bint ʿAmr) of Sulaym, poet, b. c. 575; a by-name	6th c. CE	Old Arabic			Ibn Sallam, Tabaqat Fuhul al-Shuʿaraʾ; Kitab al-Aghani https://en.wikipedia.org/wiki/Al-Khansa	3	2	secure
Khawla	خولة	Khawla	g	PERSON	BELOVED	Khawla, the beloved in the first line of Tarafa's Muʿallaqa; also a nasib name in the Mufaddaliyyat	6th c. CE	Old Arabic			Muʿallaqa of Tarafa https://ar.wikisource.org/wiki/لخولة_أطلال_ببرقة_ثهمد_(معلقة)	2	2	secure
Maimuna	ميمونة	Maymūna	g	PERSON	HISTORICAL	Maymuna bint al-Harith of Hilal, b. c. 594	6th c. CE	Old Arabic			Ibn Saʿd, al-Tabaqat al-Kubra, vol. 8 https://en.wikipedia.org/wiki/Maymuna_bint_al-Harith	3	2	secure
Mawiya	ماوية	Māwiyya	g	PERSON	HISTORICAL	Mawiyya (Mavia), queen of the Tanukh, 4th c.; also Mawiyya, wife of Hatim al-Taʾi	4th c. CE	Old Arabic			Sozomen and Socrates Scholasticus, Ecclesiastical History; Kitab al-Aghani https://en.wikipedia.org/wiki/Mavia_(queen)	3	2	secure
Mayya	مية	Mayya	g	PERSON	BELOVED	Mayya, the beloved in the first line of al-Nabigha's Muʿallaqa	6th c. CE	Old Arabic			Muʿallaqa of al-Nabigha al-Dhubyani https://ar.wikisource.org/wiki/يا_دار_مية_بالعلياء_فالسند_(معلقة)	2	2	secure
Naila	نائلة	Nāʾila	g	PERSON	HISTORICAL	Naʾila of Jurhum, of the legend of Isaf and Naʾila at Mecca	pre-Islamic legend	Old Arabic			Ibn al-Kalbi, Kitab al-Asnam https://en.wikipedia.org/wiki/Isaf_and_Na'ila	3	2	provisional
Ruqaya	رقية	Ruqayya	g	PERSON	HISTORICAL	Ruqayya, daughter of Muhammad and Khadija, b. c. 601	7th c. CE	Old Arabic			Ibn Saʿd, al-Tabaqat al-Kubra, vol. 8 https://en.wikipedia.org/wiki/Ruqayya_bint_Muhammad	3	2	secure
Safiya	صفية	Ṣafiyya	g	PERSON	HISTORICAL	Safiyya bint ʿAbd al-Muttalib of Quraysh, b. c. 569	6th c. CE	Old Arabic			Ibn Saʿd, al-Tabaqat al-Kubra, vol. 8 https://en.wikipedia.org/wiki/Safiyya_bint_Abd_al-Muttalib	3	2	secure
Sumaya	سمية	Sumayya	g	PERSON	HISTORICAL	Sumayya bint Khayyat of Mecca, d. c. 615	6th c. CE	Old Arabic			Ibn Saʿd, al-Tabaqat al-Kubra, vol. 8 https://en.wikipedia.org/wiki/Sumayya	3	2	secure
Umaima	أميمة	Umayma	g	PERSON	HISTORICAL	Umayma bint ʿAbd al-Muttalib of Quraysh	6th c. CE	Old Arabic			Ibn Saʿd, al-Tabaqat al-Kubra, vol. 8 https://en.wikipedia.org/wiki/Umayma_bint_Abd_al-Muttalib	3	2	secure
Umama	أمامة	Umāma	g	PERSON	HISTORICAL	Umama, wife of the poet al-Jumayh of Asad, addressed in his ode of c. 570	6th c. CE	Old Arabic			Mufaddaliyyat; Lyall, The Mufaddaliyat vol. II (1918) https://archive.org/details/mufaddaliyatanth00mufauoft	2	2	secure
Zainab	زينب	Zaynab	g	PERSON	HISTORICAL	Zaynab bint Jahsh, b. c. 590; also a nasib name in a pre-Islamic ode of the Mufaddaliyyat	6th c. CE	Old Arabic			Ibn Saʿd, al-Tabaqat al-Kubra, vol. 8; Lyall, The Mufaddaliyat vol. II (1918) https://en.wikipedia.org/wiki/Zaynab_bint_Jahsh	3	2	secure
Zarqa	زرقاء	Zarqāʾ	g	PERSON	HISTORICAL	Zarqaʾ al-Yamama of Jadis, the far-sighted woman of legend; a by-name	pre-Islamic legend	Old Arabic	blue-eyed		later medieval akhbar on the Jahiliyya https://en.wikipedia.org/wiki/Zarqa_al_Yamama	4	2	provisional
Antara	عنترة	ʿAntara	b	PERSON		ʿAntara ibn Shaddad of ʿAbs, poet of a Muʿallaqa	6th c. CE	Old Arabic			the Muʿallaqat https://ar.wikisource.org/wiki/هل_غادر_الشعراء_من_متردم_(معلقة)	2	2	secure
Aqil	عقيل	ʿAqīl	b	PERSON		ʿAqil ibn Abi Talib of Quraysh	6th c. CE	Old Arabic			Ibn Saʿd, al-Tabaqat al-Kubra https://en.wikipedia.org/wiki/Aqil_ibn_Abi_Talib	3	2	secure
Duraid	دريد	Durayd	b	PERSON		Durayd ibn al-Simma of Jusham, poet and war-leader	6th c. CE	Old Arabic			Kitab al-Aghani https://en.wikipedia.org/wiki/Durayd_ibn_al-Simma	3	2	secure
Fihr	فهر	Fihr	b	PERSON		Fihr ibn Malik, ancestor of Quraysh in the genealogies	traditional genealogy	Old Arabic			Ibn Hisham, al-Sira al-Nabawiyya https://en.wikipedia.org/wiki/Fihr_ibn_Malik	3	2	provisional
Ghalib	غالب	Ghālib	b	PERSON		Ghalib ibn Fihr, ancestor of Quraysh in the genealogies	traditional genealogy	Old Arabic			Ibn Hisham, al-Sira al-Nabawiyya https://en.wikipedia.org/wiki/Ghalib_ibn_Fihr	3	2	provisional
Jafar	جعفر	Jaʿfar	b	PERSON		Jaʿfar ibn Abi Talib of Quraysh, b. c. 590	6th c. CE	Old Arabic	stream		Ibn Hisham, al-Sira al-Nabawiyya; meaning: Lane https://en.wikipedia.org/wiki/Ja'far_ibn_Abi_Talib	3	2	secure
Jubair	جبير	Jubayr	b	PERSON		Jubayr ibn Mutʿim of Nawfal, Quraysh, born before 610	6th c. CE	Old Arabic			Ibn Saʿd, al-Tabaqat al-Kubra https://en.wikipedia.org/wiki/Jubayr_ibn_Mut'im	3	2	secure
Kais	قيس	Qays	b	PERSON		Qays ibn Khalid of Shayban, named in Tarafa's Muʿallaqa; a chief Qays is also named in al-Harith ibn Hilliza's	6th c. CE	Old Arabic			Muʿallaqa of Tarafa https://ar.wikisource.org/wiki/لخولة_أطلال_ببرقة_ثهمد_(معلقة)	2	2	secure
Khalid	خالد	Khālid	b	PERSON		Khalid of Shayban, father of Qays ibn Khalid, named in Tarafa's Muʿallaqa	6th c. CE	Old Arabic	everlasting		Muʿallaqa of Tarafa https://ar.wikisource.org/wiki/لخولة_أطلال_ببرقة_ثهمد_(معلقة); meaning: Lane	2	2	secure
Khattab	الخطاب	al-Khaṭṭāb	b	PERSON		al-Khattab ibn Nufayl of ʿAdi, Quraysh, father of ʿUmar	6th c. CE	Old Arabic			Ibn Saʿd, al-Tabaqat al-Kubra https://en.wikipedia.org/wiki/Al-Khattab_ibn_Nufayl	3	2	secure
Kilab	كلاب	Kilāb	b	PERSON		Kilab ibn Murra of Quraysh, father of Qusayy	5th c. CE	Old Arabic			Ibn Hisham, al-Sira al-Nabawiyya https://en.wikipedia.org/wiki/Kilab_ibn_Murrah	3	2	secure
Kulaib	كليب	Kulayb	b	PERSON		Kulayb ibn Rabiʿa of Taghlib, whose killing began the War of al-Basus	5th–6th c. CE	Old Arabic			Kitab al-Aghani https://en.wikipedia.org/wiki/Basus_War	3	2	provisional
Maimun	ميمون	Maymūn	b	PERSON		Maymun ibn Qays, the poet al-Aʿsha, d. c. 625	6th c. CE	Old Arabic			Kitab al-Aghani https://en.wikipedia.org/wiki/Al-A'sha	3	2	secure
Mundhir	المنذر	al-Mundhir	b	PERSON		al-Mundhir III ibn Maʾ al-Samaʾ, Lakhmid king, named in al-Harith ibn Hilliza's Muʿallaqa	6th c. CE	Old Arabic			Muʿallaqa of al-Harith ibn Hilliza https://ar.wikisource.org/wiki/آذنتنا_ببينها_أسماء_(معلقة)	2	2	secure
Musab	مصعب	Muṣʿab	b	PERSON		Musʿab ibn ʿUmayr of Quraysh, b. c. 585	6th c. CE	Old Arabic			Ibn Saʿd, al-Tabaqat al-Kubra https://en.wikipedia.org/wiki/Mus'ab_ibn_Umayr	3	2	secure
Numan	النعمان	al-Nuʿmān	b	PERSON		al-Nuʿman III, Lakhmid king of al-Hira, named in al-Nabigha's Muʿallaqa	6th c. CE	Old Arabic			Muʿallaqa of al-Nabigha https://ar.wikisource.org/wiki/يا_دار_مية_بالعلياء_فالسند_(معلقة)	2	2	secure
Othman	عثمان	ʿUthmān	b	PERSON		ʿUthman ibn ʿAffan of Quraysh, b. c. 576	6th c. CE	Old Arabic			Ibn Saʿd, al-Tabaqat al-Kubra https://en.wikipedia.org/wiki/Uthman	3	2	secure
Qahtan	قحطان	Qaḥṭān	b	PERSON		Qahtan, ancestor of the southern Arabs in the genealogies	traditional genealogy	Old Arabic			Ibn Hazm, Jamharat Ansab al-ʿArab https://en.wikipedia.org/wiki/Qahtan	3	2	provisional
Qasim	القاسم	al-Qāsim	b	PERSON		al-Qasim, son of Muhammad and Khadija, b. c. 598	6th c. CE	Old Arabic			Ibn Saʿd, al-Tabaqat al-Kubra https://en.wikipedia.org/wiki/Al-Qasim_ibn_Muhammad	3	2	secure
Qusai	قصي	Quṣayy	b	PERSON		Qusayy ibn Kilab, chief of Quraysh at Mecca	5th c. CE	Old Arabic			Ibn Hisham, al-Sira al-Nabawiyya https://en.wikipedia.org/wiki/Qusayy_ibn_Kilab	3	2	secure
Rabbel	رب إيل	Rabbʾēl	b	INSCRIPTION		the Nabataean kings Rabbel I and Rabbel II (r. 70–106), on coins and inscriptions	1st c. BCE–2nd c. CE	Nabataean		Il	Nabataean coins and inscriptions https://en.wikipedia.org/wiki/Rabbel_II_Soter	1	2	secure
Saad	سعد	Saʿd	b	PERSON		Saʿd ibn Abi Waqqas of Quraysh, b. c. 595	6th c. CE	Old Arabic	good fortune		Ibn Saʿd, al-Tabaqat al-Kubra https://en.wikipedia.org/wiki/Sa'd_ibn_Abi_Waqqas	3	2	secure
Saeed	سعيد	Saʿīd	b	PERSON		Saʿid ibn Zayd of Quraysh, b. c. 593	6th c. CE	Old Arabic	happy		Ibn Saʿd, al-Tabaqat al-Kubra https://en.wikipedia.org/wiki/Sa'id_ibn_Zayd	3	2	secure
Sakhr	صخر	Ṣakhr	b	PERSON		Sakhr ibn ʿAmr of Sulaym, brother of al-Khansaʾ	6th c. CE	Old Arabic	rock		Kitab al-Aghani https://en.wikipedia.org/wiki/Al-Khansa	3	2	secure
Shaddad	شداد	Shaddād	b	PERSON		Shaddad of ʿAbs, father of the poet ʿAntara	6th c. CE	Old Arabic			Kitab al-Aghani https://en.wikipedia.org/wiki/Antarah_ibn_Shaddad	3	2	secure
Shaiba	شيبة	Shayba	b	PERSON		Shayba ibn Rabiʿa of ʿAbd Shams; also the birth name of ʿAbd al-Muttalib	6th c. CE	Old Arabic			Ibn Hisham, al-Sira al-Nabawiyya https://en.wikipedia.org/wiki/Shayba_ibn_Rabi'a	3	2	secure
Suhail	سهيل	Suhayl	b	PERSON		Suhayl ibn ʿAmr of Quraysh, born before 610	6th c. CE	Old Arabic	the star Canopus		Ibn Hisham, al-Sira al-Nabawiyya; meaning: Lane https://en.wikipedia.org/wiki/Suhayl_ibn_Amr	3	2	secure
Tarafa	طرفة	Ṭarafa	b	PERSON		Tarafa ibn al-ʿAbd of Bakr, poet of a Muʿallaqa	6th c. CE	Old Arabic			the Muʿallaqat https://ar.wikisource.org/wiki/لخولة_أطلال_ببرقة_ثهمد_(معلقة)	2	2	secure
Thabit	ثابت	Thābit	b	PERSON		Thabit of Khazraj, father of the poet Hassan ibn Thabit	6th c. CE	Old Arabic			Kitab al-Aghani https://en.wikipedia.org/wiki/Hassan_ibn_Thabit	3	2	secure
Tufail	الطفيل	al-Ṭufayl	b	PERSON		al-Tufayl ibn Malik of ʿAmir, father of the chief ʿAmir ibn al-Tufayl	6th c. CE	Old Arabic			Lyall, The Mufaddaliyat vol. II (1918); Kitab al-Aghani https://en.wikipedia.org/wiki/Amir_ibn_al-Tufayl	3	2	secure
Utba	عتبة	ʿUtba	b	PERSON		ʿUtba ibn Rabiʿa, chief of ʿAbd Shams	6th c. CE	Old Arabic			Ibn Hisham, al-Sira al-Nabawiyya https://en.wikipedia.org/wiki/Utba_ibn_Rabi'a	3	2	secure
Wahb	وهب	Wahb	b	PERSON		Wahb ibn ʿAbd Manaf of Zuhra, father of Amina	6th c. CE	Old Arabic			Ibn Hisham, al-Sira al-Nabawiyya https://en.wikipedia.org/wiki/Wahb_ibn_Abd_Manaf	3	2	secure
Zaid	زيد	Zayd	b	PERSON		Zayd ibn ʿAmr ibn Nufayl of Quraysh, a hanif, d. c. 605	6th c. CE	Old Arabic	increase		Ibn Hisham, al-Sira al-Nabawiyya https://en.wikipedia.org/wiki/Zayd_ibn_Amr	3	2	secure
Ziyad	زياد	Ziyād	b	PERSON		Ziyad ibn Muʿawiya, the poet al-Nabigha al-Dhubyani	6th c. CE	Old Arabic			Ibn Sallam, Tabaqat Fuhul al-Shuʿaraʾ; Kitab al-Aghani https://en.wikipedia.org/wiki/Al-Nabigha	3	2	secure
Zubair	الزبير	al-Zubayr	b	PERSON		al-Zubayr ibn ʿAbd al-Muttalib of Quraysh, poet	6th c. CE	Old Arabic			Ibn Hisham, al-Sira al-Nabawiyya https://en.wikipedia.org/wiki/Al-Zubayr_ibn_Abd_al-Muttalib	3	2	secure
Zuhair	زهير	Zuhayr	b	PERSON		Zuhayr ibn Abi Sulma of Muzayna, poet of a Muʿallaqa	6th c. CE	Old Arabic			the Muʿallaqat https://en.wikipedia.org/wiki/Zuhayr_ibn_Abi_Sulma	2	2	secure
Shaqilat	شقيلة	Šaqīlat	g	INSCRIPTION	HISTORICAL	Queen Shaqilat II, wife of the Nabataean king Malichus II	1st c. CE	Nabataean			Nabataean coins and inscriptions https://en.wikipedia.org/wiki/Shaqilath_II	1	3	secure
Unaiza	عنيزة	ʿUnayza	g	PERSON	BELOVED	ʿUnayza, the beloved in Imruʾ al-Qays's Muʿallaqa	6th c. CE	Old Arabic			Muʿallaqa of Imruʾ al-Qays https://ar.wikisource.org/wiki/معلقة_امرئ_القيس	2	3	secure
Amr	عمرو	ʿAmr	b	INSCRIPTION		Imruʾ al-Qays son of ʿAmr in the Namara inscription (328 CE), Old Arabic in Nabataean script; also the poet ʿAmr ibn Kulthum	4th c. CE	Old Arabic (Nabataean script)			Namara inscription https://en.wikipedia.org/wiki/Namara_inscription; https://ar.wikisource.org/wiki/ألا_هبي_بصحنك_فاصبحينا_(معلقة)	1	3	secure
Aws	أوس	Aws	b	PERSON		Aws ibn Hajar of Tamim, poet (not in the Muʿallaqat)	6th c. CE	Old Arabic			Mufaddaliyyat; Lyall, The Mufaddaliyat vol. II (1918) https://archive.org/details/mufaddaliyatanth00mufauoft	2	3	secure
