name	armenian	scholarly	sex	kind	origin	who	century	evidence_source	tier	meaning	ease	confidence
Anahit	Անահիտ	Anahit	g	DEITY	Middle Iranian (Anāhīt)	Anahit, the great goddess of pagan Armenia, daughter of Aramazd, whose temples Gregory destroyed	pre-Christian	Agathangelos, History of the Armenians §778 (Bedrosian, Selections https://archive.org/details/agatangeghos-selections); Pʿawstos Buzand, History of the Armenians V.25 (Bedrosian trans. https://archive.org/details/HistoryOfTheArmeniansByPawstosBuzand_569); Hübschmann, Armenische Grammatik I (1897), Persische Namen no. 5 (https://archive.org/details/ArmenischeGrammatik); Wiktionary s.v. Անահիտ (https://en.wiktionary.org/wiki/Անահիտ)	3		1	firm
Anush	Անոյշ	Anoyš	g	IRANIAN-ORIGIN	Iranian (listed by Hübschmann among Persian names)	Anoysh, first wife of the Median king Azhdahak, settled in Armenia by Tigran (legend); also the root of women's names like Sahakanush and Vardanush	legendary	Movses Khorenatsi, History of the Armenians I.30 (Bedrosian, Selections https://archive.org/details/mx-multilingual-01-02); Hübschmann, Armenische Grammatik I (1897), Persische Namen no. 7 (https://archive.org/details/ArmenischeGrammatik); Meaning: Wiktionary s.v. Անուշ (https://en.wiktionary.org/wiki/Անուշ)	3	sweet	1	provisional
Bambish	Բամբիշն	Bambišn	g	IRANIAN-ORIGIN	Middle Persian (bāmbišn 'queen')	Bambish, sister of King Tiran and mother of Nerses the Great, 4th c.	4th c. CE	Pʿawstos Buzand, History of the Armenians III.15, III.19, IV.3 (Bedrosian trans. https://archive.org/details/HistoryOfTheArmeniansByPawstosBuzand_569); Hübschmann, Armenische Grammatik I (1897), Persische Namen no. 38 (https://archive.org/details/ArmenischeGrammatik); Meaning: Hübschmann, Armenische Grammatik I (1897), Persische Namen no. 38 (https://archive.org/details/ArmenischeGrammatik)	3	queen	1	firm
Erato	Էրատո	Eratō	g	OTHER-IMPORT	Greek	Erato, queen of Armenia around the turn of the era, the last of her line; her portrait is on coins beside Tigran IV	1st c. BCE–1st c. CE	Tacitus, Annals 2.4 (https://penelope.uchicago.edu/Thayer/E/Roman/Texts/Tacitus/Annals/2A*.html); coin of Tigran IV and Erato, Artaxata, Bedoukian 128 (https://leunumismatik.com/en/lot/11/342)	2		1	firm
Gayane	Գայիանէ	Gayianē	g	CHRISTIAN-IMPORT	Latin (feminine of Gaianus, from Gaius)	Gayane, abbess of the Roman virgins martyred at Vagharshapat, c. 301 (traditional date)	4th c. CE	Agathangelos, History of the Armenians §138, 766 (Bedrosian, Selections https://archive.org/details/agatangeghos-selections); origin: Wiktionary s.v. Գայիանէ (https://en.wiktionary.org/wiki/Գայիանէ)	3		1	probable
Mane	Մանէ	Manē	g	UNCERTAIN	unknown	Mane, a companion of Hripsime who lived as a hermit in the Caves of Mane, 4th c.	4th c. CE	Movses Khorenatsi, History of the Armenians II.91 (Bedrosian, Selections https://archive.org/details/mx-multilingual-01-02); the cave name in Agathangelos, History of the Armenians §861 (Bedrosian, Selections https://archive.org/details/agatangeghos-selections); origin: Wiktionary s.v. Մանէ (https://en.wiktionary.org/wiki/Մանէ)	3		1	provisional
Mariam	Մարիամ	Mariam	g	CHRISTIAN-IMPORT	Hebrew (Miriam), via Greek	Mariam, wife of Gregory the Illuminator, who became a nun, late 3rd c.	3rd c. CE	Movses Khorenatsi, History of the Armenians II.80 (Bedrosian, Selections https://archive.org/details/mx-multilingual-01-02); origin: Wiktionary s.v. Մարիամ (https://en.wiktionary.org/wiki/Մարիամ)	3		1	provisional
Nane	Նանէ	Nanē	g	DEITY	unknown	Nane, goddess, daughter of Aramazd, whose temple stood at Til	pre-Christian	Agathangelos, History of the Armenians §786 (Bedrosian, Selections https://archive.org/details/agatangeghos-selections); Wiktionary s.v. Նանե (https://en.wiktionary.org/wiki/Նանե)	3		1	firm
Nazinik	Նազինիկ	Nazinik	g	UNCERTAIN	unknown	Nazinik, a singer at the court of Bakur, lord of Aghdznik, in King Trdat's time (legend)	3rd c. CE	Movses Khorenatsi, History of the Armenians II.63 (Bedrosian, Selections https://archive.org/details/mx-multilingual-01-02)	3		1	provisional
Nune	Նունէ	Nunē	g	UNCERTAIN	uncertain (Wiktionary: feminine of Noyn; Georgian Nino is the same name)	Nune (Saint Nino), a companion of Hripsime who converted the Iberians, 4th c.	4th c. CE	Movses Khorenatsi, History of the Armenians II.86 (Bedrosian, Selections https://archive.org/details/mx-multilingual-01-02); origin: Wiktionary s.v. Նունէ (https://en.wiktionary.org/wiki/Նունէ)	3		1	provisional
Nvard	Նուարդ	Nuard	g	UNCERTAIN	unknown	Nvard, beloved wife of Ara the Beautiful (legend)	legendary	Movses Khorenatsi, History of the Armenians I.20 (Bedrosian, Selections https://archive.org/details/mx-multilingual-01-02); Wiktionary s.v. Նվարդ (https://en.wiktionary.org/wiki/Նվարդ)	3		1	provisional
Satenik	Սաթենիկ	Satʿenik	g	UNCERTAIN	uncertain: perhaps Alanic, or from Armenian satʿ 'amber' (Wiktionary)	Satenik, the Alan princess who married King Artashes I, 2nd c. BCE (legend)	2nd c. BCE	Movses Khorenatsi, History of the Armenians II.49–50 (Bedrosian, Selections https://archive.org/details/mx-multilingual-01-02); origin: Wiktionary s.v. Սաթենիկ (https://en.wiktionary.org/wiki/Սաթենիկ)	3		1	provisional
Shamiram	Շամիրամ	Šamiram	g	OTHER-IMPORT	Syriac (Šammīrām, Semiramis)	Shamiram (Semiramis), the legendary Assyrian queen who loved Ara the Beautiful; a name of Armenian women since the 15th century	legendary	Movses Khorenatsi, History of the Armenians I.15–19 (Bedrosian, Selections https://archive.org/details/mx-multilingual-01-02); origin and later use: Wiktionary s.v. Շամիրամ (https://en.wiktionary.org/wiki/Շամիրամ)	3		1	provisional
Zaruhi	Զարուհի	Zaruhi	g	IRANIAN-ORIGIN	Iranian 'gold' + Armenian feminine -uhi	Zaruhi, wife of the legendary king Tigran Yervandian	legendary	Movses Khorenatsi, History of the Armenians I.29 (Bedrosian, Selections https://archive.org/details/mx-multilingual-01-02); Meaning: Wiktionary s.v. Զարուհի (https://en.wiktionary.org/wiki/Զարուհի)	3	from the Iranian word for gold, with the feminine ending -uhi	1	provisional
Amasia	Ամասիա	Amasia	b	UNCERTAIN	unknown	Amasia, legendary descendant of Hayk, son of Aramayis	legendary	Movses Khorenatsi, History of the Armenians I.12 (Bedrosian, Selections https://archive.org/details/mx-multilingual-01-02)	3		1	provisional
Ara	Արա	Ara	b	NATIVE	unknown	Ara the Beautiful, legendary king loved by Shamiram	legendary	Movses Khorenatsi, History of the Armenians I.3, I.15 (Bedrosian, Selections https://archive.org/details/mx-multilingual-01-02); Wiktionary s.v. Արա (https://en.wiktionary.org/wiki/Արա)	3		1	provisional
Aram	Արամ	Aram	b	NATIVE	Armenian legend (Perikhanian derives it from Middle Iranian *Arām)	Aram, legendary patriarch after whom, Khorenatsi says, Armenia was named	legendary	Movses Khorenatsi, History of the Armenians I.3, I.13–14 (Bedrosian, Selections https://archive.org/details/mx-multilingual-01-02); Meaning: Wiktionary s.v. Արամ (https://en.wiktionary.org/wiki/Արամ)	3	joy, peace (Perikhanian's Iranian etymology)	1	provisional
Aramazd	Արամազդ	Aramazd	b	DEITY	Parthian (Ahura Mazda)	Aramazd, father of the gods in pagan Armenia	pre-Christian	Agathangelos, History of the Armenians §786 (Bedrosian, Selections https://archive.org/details/agatangeghos-selections); Hübschmann, Armenische Grammatik I (1897), Persische Namen no. 21 (https://archive.org/details/ArmenischeGrammatik); Wiktionary s.v. Արամազդ (https://en.wiktionary.org/wiki/Արամազդ)	3		1	firm
Arsen	Արսէն	Arsēn	b	CHRISTIAN-IMPORT	Greek (arsēn)	the blessed Arsen, priest martyred in the Persian captivity, 5th c.	5th c. CE	Ghazar Parpetsi, History of the Armenians Part Two §39 (Bedrosian trans. https://archive.org/details/GhazarParbetsisHistoryOfTheArmenians); Meaning: Wiktionary s.v. Արսեն (https://en.wiktionary.org/wiki/Արսեն)	3	man, male	1	firm
Arshak	Արշակ	Aršak	b	IRANIAN-ORIGIN	Parthian	Arshak II, king of Armenia, r. c. 350–368	4th c. CE	Ammianus Marcellinus 20.11.1–3, 'Arsaces' (https://penelope.uchicago.edu/Thayer/E/Roman/Texts/Ammian/20*.html); Pʿawstos Buzand, History of the Armenians IV.1 (Bedrosian trans. https://archive.org/details/HistoryOfTheArmeniansByPawstosBuzand_569); Wiktionary s.v. Արշակ (https://en.wiktionary.org/wiki/Արշակ)	2		1	firm
Arsham	Արշամ	Aršam	b	IRANIAN-ORIGIN	Old Persian (Aršāma)	Arsham, king of Armenia in Khorenatsi's account of the Parthian era	1st c. BCE	Movses Khorenatsi, History of the Armenians II.24 (Bedrosian, Selections https://archive.org/details/mx-multilingual-01-02); Hübschmann, Armenische Grammatik I (1897), Persische Namen no. 25 (https://archive.org/details/ArmenischeGrammatik); Wiktionary s.v. Արշամ (https://en.wiktionary.org/wiki/Արշամ)	3		1	provisional
Artak	Արտակ	Artak	b	IRANIAN-ORIGIN	Middle Iranian (*Artak)	Artak, lord of Mokk, at the council of 450	5th c. CE	Ghazar Parpetsi, History of the Armenians Part Two §23 (Bedrosian trans. https://archive.org/details/GhazarParbetsisHistoryOfTheArmenians); Meaning: Wiktionary s.v. Արտակ (https://en.wiktionary.org/wiki/Արտակ)	3	a pet form of names built on 'truth'	1	firm
Ashot	Աշոտ	Ašot	b	UNCERTAIN	unknown	Ashot, aspet of the Bagratunis, father of Pap Bagratuni, late 6th c.	6th c. CE	Sebeos, History ch. 11 (Bedrosian trans. https://archive.org/details/SebeosHistoryOfArmenia); Wiktionary s.v. Աշոտ (https://en.wiktionary.org/wiki/Աշոտ)	3		1	firm
Atom	Ատոմ	Atom	b	UNCERTAIN	unknown	Atom Gnuni, lord of Gnunik, at the council of 450	5th c. CE	Ghazar Parpetsi, History of the Armenians Part Two §23 (Bedrosian trans. https://archive.org/details/GhazarParbetsisHistoryOfTheArmenians); Pʿawstos Buzand, History of the Armenians III.12 (Bedrosian trans. https://archive.org/details/HistoryOfTheArmeniansByPawstosBuzand_569)	3		1	firm
Babken	Բաբգէն	Babgēn	b	UNCERTAIN	unknown	Babken Syuni, brother of Bakur, in Vahan Mamikonian's revolt, 480s	5th c. CE	Ghazar Parpetsi, History of the Armenians Part Two §47 (Bedrosian trans. https://archive.org/details/GhazarParbetsisHistoryOfTheArmenians); Wiktionary s.v. Բաբկեն (https://en.wiktionary.org/wiki/Բաբկեն)	3		1	firm
Bagrat	Բագարատ	Bagarat	b	IRANIAN-ORIGIN	Iranian (Hübschmann)	Bagarat, great prince of the aspetutiwn, 4th c.	4th c. CE	Pʿawstos Buzand, History of the Armenians III.21 (Bedrosian trans. https://archive.org/details/HistoryOfTheArmeniansByPawstosBuzand_569); Hübschmann, Armenische Grammatik I (1897), Persische Namen no. 34 (https://archive.org/details/ArmenischeGrammatik); Wiktionary s.v. Բագրատ (https://en.wiktionary.org/wiki/Բագրատ)	3		1	firm
Daniel	Դանիէլ	Daniēl	b	CHRISTIAN-IMPORT	Hebrew	Daniel, Syrian-born bishop in Taron, killed by King Tiran, 4th c.	4th c. CE	Pʿawstos Buzand, History of the Armenians III.14 (Bedrosian trans. https://archive.org/details/HistoryOfTheArmeniansByPawstosBuzand_569); Wiktionary s.v. Դանիել (https://en.wiktionary.org/wiki/Դանիել)	3		1	firm
Davit	Դաւիթ	Dawitʿ	b	CHRISTIAN-IMPORT	Syriac (Dāwīt, from Hebrew David)	Davit, priest at the council of 450	5th c. CE	Ghazar Parpetsi, History of the Armenians Part Two §23 (Bedrosian trans. https://archive.org/details/GhazarParbetsisHistoryOfTheArmenians); Wiktionary s.v. Դաւիթ (https://en.wiktionary.org/wiki/Դաւիթ)	3		1	firm
Gagik	Գագիկ	Gagik	b	UNCERTAIN	unknown	Gagik Mamikonian, son of Manuel, late 6th c.	6th c. CE	Sebeos, History ch. 11 (Bedrosian trans. https://archive.org/details/SebeosHistoryOfArmenia); Wiktionary s.v. Գագիկ (https://en.wiktionary.org/wiki/Գագիկ)	3		1	firm
Garegin	Գարեգին	Garegin	b	NATIVE	Armenian, per Ačaṙyan (doubted)	Garegin, lord of Rshtunik, husband of Hamazaspuhi, 4th c.	4th c. CE	Pʿawstos Buzand, History of the Armenians IV.59, V.37 (Bedrosian trans. https://archive.org/details/HistoryOfTheArmeniansByPawstosBuzand_569); Meaning: Wiktionary s.v. Գարեգին (https://en.wiktionary.org/wiki/Գարեգին)	3	darling, dear, of high value (Ačaṙyan)	1	firm
Gegham	Գեղամ	Gełam	b	UNCERTAIN	uncertain: Ačaṙyan takes it from a place name or from Urartian	Gegham, legendary descendant of Hayk who settled by Lake Sevan	legendary	Movses Khorenatsi, History of the Armenians I.12 (Bedrosian, Selections https://archive.org/details/mx-multilingual-01-02); Wiktionary s.v. Գեղամ (https://en.wiktionary.org/wiki/Գեղամ)	3		1	provisional
Gnel	Գնէլ	Gnēl	b	UNCERTAIN	unknown	Gnel, nephew of King Arshak II, killed on his orders, c. 359	4th c. CE	Pʿawstos Buzand, History of the Armenians III.21, IV.15 (Bedrosian trans. https://archive.org/details/HistoryOfTheArmeniansByPawstosBuzand_569); Ghazar Parpetsi, History of the Armenians Part One §15 (Bedrosian trans. https://archive.org/details/GhazarParbetsisHistoryOfTheArmenians); Wiktionary s.v. Գնել (https://en.wiktionary.org/wiki/Գնել)	3		1	firm
Grigor	Գրիգոր	Grigor	b	CHRISTIAN-IMPORT	Greek (Grēgorios)	Gregory the Illuminator, who converted Armenia, d. c. 331	4th c. CE	Pʿawstos Buzand, History of the Armenians III.2 (Bedrosian trans. https://archive.org/details/HistoryOfTheArmeniansByPawstosBuzand_569); Wiktionary s.v. Գրիգոր (https://en.wiktionary.org/wiki/Գրիգոր)	3		1	firm
Hayk	Հայկ	Hayk	b	NATIVE	Armenian (related to hay 'Armenian'; uncertain)	Hayk, legendary forefather of the Armenians, who defeated Bel	legendary	Movses Khorenatsi, History of the Armenians I.10–12 (Bedrosian, Selections https://archive.org/details/mx-multilingual-01-02); Wiktionary s.v. Հայկ (https://en.wiktionary.org/wiki/Հայկ)	3		1	provisional
Hovhan	Յովհան	Yovhan	b	CHRISTIAN-IMPORT	Hebrew (John), via Greek	Hovhan Mandakuni, catholicos of Armenia, 478–490	5th c. CE	Ghazar Parpetsi, History of the Armenians Part Three §70 (Bedrosian trans. https://archive.org/details/GhazarParbetsisHistoryOfTheArmenians)	3		1	firm
Hovsep	Յովսէփ	Yovsēpʿ	b	CHRISTIAN-IMPORT	Hebrew (Joseph), via Greek	Hovsep of Paghanakan, pupil of Mashtots and later catholicos, d. 454	5th c. CE	Ghazar Parpetsi, History of the Armenians Part One §10 (Bedrosian trans. https://archive.org/details/GhazarParbetsisHistoryOfTheArmenians); Wiktionary s.v. Յովսէփ (https://en.wiktionary.org/wiki/Յովսէփ)	3		1	firm
Hrant	Հրանտ	Hrant	b	UNCERTAIN	unknown; probably Iranian (Wiktionary), traditionally linked to hur 'fire'	Hrant, legendary king in Khorenatsi's list of Hayk's descendants	legendary	Movses Khorenatsi, History of the Armenians I.19 (Bedrosian, Selections https://archive.org/details/mx-multilingual-01-02); Wiktionary s.v. Հրանտ (https://en.wiktionary.org/wiki/Հրանտ)	3		1	provisional
Husik	Յուսիկ	Yusik	b	NATIVE	Armenian (yoys 'hope' + diminutive -ik)	Yusik, catholicos of Armenia, grandson of Gregory, killed by King Tiran, 4th c.	4th c. CE	Pʿawstos Buzand, History of the Armenians III.12 (Bedrosian trans. https://archive.org/details/HistoryOfTheArmeniansByPawstosBuzand_569); Wiktionary s.v. Յուսիկ (https://en.wiktionary.org/wiki/Յուսիկ); Meaning: Wiktionary s.v. Յուսիկ (https://en.wiktionary.org/wiki/Յուսիկ)	3	little hope	1	firm
Manuel	Մանուէլ	Manuēl	b	CHRISTIAN-IMPORT	Hebrew (biblical Emmanuel)	Manuel Mamikonian, commander of Armenia, d. c. 385	4th c. CE	Pʿawstos Buzand, History of the Armenians V.37, V.44 (Bedrosian trans. https://archive.org/details/HistoryOfTheArmeniansByPawstosBuzand_569); biblical: Hübschmann, Armenische Grammatik I (1897), introduction, on the biblical names Manuel, Samuel (https://archive.org/details/ArmenischeGrammatik)	3		1	firm
Mesrop	Մեսրոպ	Mesrop	b	UNCERTAIN	uncertain	Mesrop Mashtots, inventor of the Armenian alphabet, d. 440	5th c. CE	Ghazar Parpetsi, History of the Armenians Part One §10 (Bedrosian trans. https://archive.org/details/GhazarParbetsisHistoryOfTheArmenians); Movses Khorenatsi, History of the Armenians III.47 (Bedrosian, Selections https://archive.org/details/mx-multilingual-01-02); Wiktionary s.v. Մեսրոպ (https://en.wiktionary.org/wiki/Մեսրոպ)	3		1	firm
Mihr	Միհր	Mihr	b	DEITY	Parthian (Mihr, Mithra)	Mihr, god called the son of Aramazd, whose temple stood at Bagayarich	pre-Christian	Agathangelos, History of the Armenians §790 (Bedrosian, Selections https://archive.org/details/agatangeghos-selections); Hübschmann, Armenische Grammatik I (1897), Persische Namen no. 115 (https://archive.org/details/ArmenischeGrammatik); Wiktionary s.v. Միհր (https://en.wiktionary.org/wiki/Միհր)	3		1	firm
Movses	Մովսէս	Movsēs	b	CHRISTIAN-IMPORT	Hebrew (Moses), via Greek	Movses, catholicos in the Persian part of Armenia, late 6th c.	6th c. CE	Sebeos, History ch. 9 (Bedrosian trans. https://archive.org/details/SebeosHistoryOfArmenia); Wiktionary s.v. Մովսէս (https://en.wiktionary.org/wiki/Մովսէս)	3		1	firm
Nerses	Ներսէս	Nersēs	b	IRANIAN-ORIGIN	Middle Persian (Narseh), via Greek Narsēs	Nerses the Great, catholicos of Armenia, d. 373	4th c. CE	Pʿawstos Buzand, History of the Armenians IV.3 (Bedrosian trans. https://archive.org/details/HistoryOfTheArmeniansByPawstosBuzand_569); Wiktionary s.v. Ներսէս (https://en.wiktionary.org/wiki/Ներսէս), Ներսեհ (https://en.wiktionary.org/wiki/Ներսեհ)	3		1	firm
Norayr	Նորայր	Norayr	b	UNCERTAIN	unknown	Norayr, legendary king in Khorenatsi's list of Hayk's descendants	legendary	Movses Khorenatsi, History of the Armenians I.19 (Bedrosian, Selections https://archive.org/details/mx-multilingual-01-02); Wiktionary s.v. Նորայր (https://en.wiktionary.org/wiki/Նորայր)	3		1	provisional
Pap	Պապ	Pap	b	IRANIAN-ORIGIN	Middle Iranian (compare Pahlavi Pāb 'father')	Pap, king of Armenia, r. 370–374, son of Arshak II and Parandzem	4th c. CE	Ammianus Marcellinus 27.12.9, 'Papa' (https://penelope.uchicago.edu/Thayer/E/Roman/Texts/Ammian/27*.html); Pʿawstos Buzand, History of the Armenians V.1 (Bedrosian trans. https://archive.org/details/HistoryOfTheArmeniansByPawstosBuzand_569); Meaning: Wiktionary s.v. Պապ (https://en.wiktionary.org/wiki/Պապ)	2	father	1	firm
Paruyr	Պարոյր	Paroyr	b	UNCERTAIN	unknown	Paruyr son of Skayordi, legendary first crowned king of the Armenians	legendary	Movses Khorenatsi, History of the Armenians I.21–22 (Bedrosian, Selections https://archive.org/details/mx-multilingual-01-02); Wiktionary s.v. Պարույր (https://en.wiktionary.org/wiki/Պարույր)	3		1	provisional
Sahak	Սահակ	Sahak	b	CHRISTIAN-IMPORT	Hebrew (Isaac)	Sahak the Great, catholicos, patron of the Armenian alphabet, d. 439	5th c. CE	Ghazar Parpetsi, History of the Armenians Part One §10 (Bedrosian trans. https://archive.org/details/GhazarParbetsisHistoryOfTheArmenians); Movses Khorenatsi, History of the Armenians III.49 (Bedrosian, Selections https://archive.org/details/mx-multilingual-01-02); Wiktionary s.v. Սահակ (https://en.wiktionary.org/wiki/Սահակ)	3		1	firm
Sargis	Սարգիս	Sargis	b	CHRISTIAN-IMPORT	Syriac (from Latin Sergius)	Sargis, a Vahevuni lord who rebelled in the Byzantine sector, late 6th c.	6th c. CE	Sebeos, History ch. 7 (Bedrosian trans. https://archive.org/details/SebeosHistoryOfArmenia); Wiktionary s.v. Սարգիս (https://en.wiktionary.org/wiki/Սարգիս)	3		1	firm
Shavarsh	Շաւարշ	Šawarš	b	IRANIAN-ORIGIN	Middle Iranian (compare Persian Siyavash)	Shavarsh, legendary king in Khorenatsi's list of Hayk's descendants	legendary	Movses Khorenatsi, History of the Armenians I.19 (Bedrosian, Selections https://archive.org/details/mx-multilingual-01-02); Wiktionary s.v. Շաւարշ (https://en.wiktionary.org/wiki/Շաւարշ)	3		1	provisional
Sisak	Սիսակ	Sisak	b	UNCERTAIN	unknown	Sisak, son of Gegham, legendary ancestor of the lords of Syunik	legendary	Movses Khorenatsi, History of the Armenians I.12 (Bedrosian, Selections https://archive.org/details/mx-multilingual-01-02); Wiktionary s.v. Սիսակ (https://en.wiktionary.org/wiki/Սիսակ)	3		1	provisional
Smbat	Սմբատ	Smbat	b	IRANIAN-ORIGIN	Iranian (compare Persian Senbad)	Smbat Bagratuni, Armenian prince and general, c. 600	6th–7th c. CE	Sebeos, History ch. 10 (Bedrosian trans. https://archive.org/details/SebeosHistoryOfArmenia); Wiktionary s.v. Սմբատ (https://en.wiktionary.org/wiki/Սմբատ)	3		1	firm
Tigran	Տիգրան	Tigran	b	IRANIAN-ORIGIN	Iranian (details disputed)	Tigran II the Great, king of Armenia, r. 95–55 BCE; the name is on the coins of Tigran IV	1st c. BCE	Plutarch, Life of Lucullus 21 (https://penelope.uchicago.edu/Thayer/E/Roman/Texts/Plutarch/Lives/Lucullus*.html); coin of Tigran IV with legend ΒΑΣΙΛΕΥΣ ΜΕΓΑΣ ΤΙΓΡΑΝΗΣ (https://leunumismatik.com/en/lot/11/342); Wiktionary s.v. Տիգրան (https://en.wiktionary.org/wiki/Տիգրան)	1		1	firm
Tir	Տիր	Tir	b	DEITY	Iranian	Tir, scribe-god and interpreter of dreams, whose temple stood near Artashat	pre-Christian	Agathangelos, History of the Armenians §778 (Bedrosian, Selections https://archive.org/details/agatangeghos-selections); Wiktionary s.v. Տիր (https://en.wiktionary.org/wiki/Տիր)	3		1	firm
Tiran	Տիրան	Tiran	b	IRANIAN-ORIGIN	Iranian (*Tīrān, from the god Tir)	Tiran, king of Armenia, r. c. 339–350	4th c. CE	Pʿawstos Buzand, History of the Armenians III.12 (Bedrosian trans. https://archive.org/details/HistoryOfTheArmeniansByPawstosBuzand_569); Wiktionary s.v. Տիրան (https://en.wiktionary.org/wiki/Տիրան)	3		1	firm
Vache	Վաչէ	Vačʿē	b	UNCERTAIN	unknown (a shortening of Vachak)	Vache Mamikonian, commander of Armenia, killed fighting the Persians, c. 336	4th c. CE	Pʿawstos Buzand, History of the Armenians III.11 (Bedrosian trans. https://archive.org/details/HistoryOfTheArmeniansByPawstosBuzand_569); Wiktionary s.v. Վաչէ (https://en.wiktionary.org/wiki/Վաչէ)	3		1	firm
Vahagn	Վահագն	Vahagn	b	DEITY	Parthian (*Varhraγn)	Vahagn, the dragon-slaying god identified with Heracles	pre-Christian	Agathangelos, History of the Armenians §809 (Bedrosian, Selections https://archive.org/details/agatangeghos-selections); Pʿawstos Buzand, History of the Armenians III.14 (Bedrosian trans. https://archive.org/details/HistoryOfTheArmeniansByPawstosBuzand_569); Movses Khorenatsi, History of the Armenians I.31 (Bedrosian, Selections https://archive.org/details/mx-multilingual-01-02); Hübschmann, Armenische Grammatik I (1897), Persische Namen no. 176 (https://archive.org/details/ArmenischeGrammatik); Wiktionary s.v. Վահագն (https://en.wiktionary.org/wiki/Վահագն)	3		1	firm
Vahan	Վահան	Vahan	b	UNCERTAIN	uncertain: Armenian vahan 'shield' (itself of uncertain origin, Hübschmann) or a form of Vahagn	Vahan Mamikonian, leader of the revolt of 481–484 and marzpan of Armenia	5th c. CE	Ghazar Parpetsi, History of the Armenians Part Three §63 (Bedrosian trans. https://archive.org/details/GhazarParbetsisHistoryOfTheArmenians); Wiktionary s.v. Վահան (https://en.wiktionary.org/wiki/Վահան)	3		1	firm
Vahe	Վահէ	Vahē	b	IRANIAN-ORIGIN	Iranian (*Hwáhyah)	Vahe, last legendary Haykazun king, who rose against Alexander	legendary	Movses Khorenatsi, History of the Armenians I.31 (Bedrosian, Selections https://archive.org/details/mx-multilingual-01-02); Meaning: Wiktionary s.v. Վահէ (https://en.wiktionary.org/wiki/Վահէ)	3	better	1	provisional
Vardan	Վարդան	Vardan	b	IRANIAN-ORIGIN	Iranian (*Vardān)	Vardan Mamikonian, commander of Armenia, killed at Avarayr in 451	5th c. CE	Ghazar Parpetsi, History of the Armenians Part Two §23, §30 (Bedrosian trans. https://archive.org/details/GhazarParbetsisHistoryOfTheArmenians); Wiktionary s.v. Վարդան (https://en.wiktionary.org/wiki/Վարդան)	3		1	firm
Vasak	Վասակ	Vasak	b	IRANIAN-ORIGIN	Iranian	Vasak Mamikonian, commander of Armenia, d. c. 367	4th c. CE	Pʿawstos Buzand, History of the Armenians IV.16 (Bedrosian trans. https://archive.org/details/HistoryOfTheArmeniansByPawstosBuzand_569); Hübschmann, Armenische Grammatik I (1897), Persische Namen no. 181 (https://archive.org/details/ArmenischeGrammatik); Meaning: Wiktionary s.v. Վասակ (https://en.wiktionary.org/wiki/Վասակ)	3	from an Iranian word for 'ruling at will, sovereign'	1	firm
Zareh	Զարեհ	Zareh	b	IRANIAN-ORIGIN	Iranian (Hübschmann)	Zareh, prince of Greater Tsopk, 4th c.	4th c. CE	Pʿawstos Buzand, History of the Armenians III.12 (Bedrosian trans. https://archive.org/details/HistoryOfTheArmeniansByPawstosBuzand_569); Hübschmann, Armenische Grammatik I (1897), Persische Namen no. 68 (https://archive.org/details/ArmenischeGrammatik)	3		1	firm
Zarmayr	Զարմայր	Zarmayr	b	UNCERTAIN	unknown	Zarmayr, legendary king said to have fought at Troy	legendary	Movses Khorenatsi, History of the Armenians I.19, I.31a (Bedrosian, Selections https://archive.org/details/mx-multilingual-01-02)	3		1	provisional
Zaven	Զաւէն	Zawēn	b	IRANIAN-ORIGIN	Iranian, per Ačaṙyan	Zaven, bishop of Mananaghi, at the council of 450	5th c. CE	Ghazar Parpetsi, History of the Armenians Part Two §23 (Bedrosian trans. https://archive.org/details/GhazarParbetsisHistoryOfTheArmenians); Wiktionary s.v. Զաւէն (https://en.wiktionary.org/wiki/Զաւէն)	3		1	firm
Ashkhen	Աշխէն	Ašxēn	g	IRANIAN-ORIGIN	Middle Iranian (*axšēn)	Ashkhen, queen of King Trdat III, who helped build the martyrs' chapels, early 4th c.	4th c. CE	Agathangelos, History of the Armenians §766, 791 (Bedrosian, Selections https://archive.org/details/agatangeghos-selections); Hübschmann, Armenische Grammatik I (1897), Persische Namen no. 10 (https://archive.org/details/ArmenischeGrammatik); Meaning: Wiktionary s.v. Աշխէն (https://en.wiktionary.org/wiki/Աշխէն); Hübschmann, Armenische Grammatik I (1897), Persische Namen no. 10 (https://archive.org/details/ArmenischeGrammatik)	3	lady, mistress, or 'shining' (disputed); Hübschmann: 'dark-coloured'	2	probable
Astghik	Աստղիկ	Astłik	g	DEITY	Armenian (astł 'star' + diminutive -ik)	Astghik, goddess identified with Aphrodite, whose temple at Ashtishat was called the chamber of Vahagn; a given name since the 15th century	pre-Christian	Agathangelos, History of the Armenians §809 (Bedrosian, Selections https://archive.org/details/agatangeghos-selections); Wiktionary s.v. Աստղիկ (https://en.wiktionary.org/wiki/Աստղիկ); Meaning: Wiktionary s.v. Աստղիկ (https://en.wiktionary.org/wiki/Աստղիկ)	3	little star	2	firm
Hripsime	Հռիփսիմէ	Hṙipʿsimē	g	CHRISTIAN-IMPORT	Greek (from rhiptō 'to throw')	Hripsime, Roman virgin martyred at Vagharshapat, c. 301 (traditional date)	4th c. CE	Agathangelos, History of the Armenians §138 (Bedrosian, Selections https://archive.org/details/agatangeghos-selections); Pʿawstos Buzand, History of the Armenians III.14 (Bedrosian trans. https://archive.org/details/HistoryOfTheArmeniansByPawstosBuzand_569); Meaning: Wiktionary s.v. Հռիփսիմէ (https://en.wiktionary.org/wiki/Հռիփսիմէ)	3	probably 'cast away', a name for a foundling	2	probable
Olympia	Ողոմպի	Ołompi	g	OTHER-IMPORT	Greek (Olympias)	Olympias, Roman noblewoman married to King Arshak II, poisoned c. 361	4th c. CE	Ammianus Marcellinus 20.11.3 (https://penelope.uchicago.edu/Thayer/E/Roman/Texts/Ammian/20*.html); Pʿawstos Buzand, History of the Armenians IV.15 (Bedrosian trans. https://archive.org/details/HistoryOfTheArmeniansByPawstosBuzand_569)	2		2	firm
Parandzem	Փառանձեմ	Pʿaṙanjem	g	IRANIAN-ORIGIN	Parthian (Xōrānzēm)	Parandzem, queen of Arshak II and mother of King Pap, d. c. 370	4th c. CE	Pʿawstos Buzand, History of the Armenians IV.15, IV.54 (Bedrosian trans. https://archive.org/details/HistoryOfTheArmeniansByPawstosBuzand_569); Meaning: Wiktionary s.v. Փառանձեմ (https://en.wiktionary.org/wiki/Փառանձեմ)	3	its first part means 'glory'; the second is disputed	2	firm
Sahakanush	Սահականոյշ	Sahakanoyš	g	IRANIAN-ORIGIN	Hebrew Sahak (Isaac) + Iranian anoyš	Sahakanush, daughter of Catholicos Sahak the Great, wife of Hamazasp Mamikonian and mother of Vardan, 5th c.	5th c. CE	Movses Khorenatsi, History of the Armenians III.51 (Bedrosian, Selections https://archive.org/details/mx-multilingual-01-02); Hübschmann, Armenische Grammatik I (1897), Persische Namen no. 7 (https://archive.org/details/ArmenischeGrammatik)	3		2	probable
Sandukht	Սանդուխտ	Sanduxt	g	IRANIAN-ORIGIN	Middle Persian (-duxt 'daughter')	Sandukht, daughter of King Sanatruk, martyred with the apostle Thaddeus (tradition)	1st c. CE	Movses Khorenatsi, History of the Armenians II.34 (Bedrosian, Selections https://archive.org/details/mx-multilingual-01-02); Hübschmann, Armenische Grammatik I (1897), Persische Namen no. 59 (https://archive.org/details/ArmenischeGrammatik)	3		2	provisional
Shushanik	Շուշանիկ	Šušanik	g	CHRISTIAN-IMPORT	Armenian Shushan 'lily' (the name Susanna) + diminutive -ik	Shushanik, daughter of Vardan Mamikonian, queen in Iberia, martyred c. 475	5th c. CE	Iakob Tsurtaveli, Martyrdom of Shushanik, 5th c., in Georgian (no open translation found, pointer https://en.wikipedia.org/wiki/Shushanik); Meaning: Wiktionary s.v. Շուշանիկ (https://en.wiktionary.org/wiki/Շուշանիկ), Շուշան (https://en.wiktionary.org/wiki/Շուշան)	3	little lily	2	provisional
Tigranuhi	Տիգրանուհի	Tigranuhi	g	IRANIAN-ORIGIN	Iranian Tigran + Armenian feminine -uhi	Tigranuhi, sister of the legendary king Tigran Yervandian, given in marriage to the Median king Azhdahak	legendary	Movses Khorenatsi, History of the Armenians I.24, I.28, I.30 (Bedrosian, Selections https://archive.org/details/mx-multilingual-01-02); Wiktionary s.v. Տիգրանուհի (https://en.wiktionary.org/wiki/Տիգրանուհի)	3		2	provisional
Vardanush	Վարդանոյշ	Vardanoyš	g	IRANIAN-ORIGIN	Iranian Vardan + anoyš	Vardanush, wife of the commander Manuel Mamikonian, late 4th c.	4th c. CE	Pʿawstos Buzand, History of the Armenians V.43 (Bedrosian trans. https://archive.org/details/HistoryOfTheArmeniansByPawstosBuzand_569); Hübschmann, Armenische Grammatik I (1897), Persische Namen no. 7 (https://archive.org/details/ArmenischeGrammatik)	3		2	firm
Anushavan	Անուշաւան	Anušawan	b	UNCERTAIN	unknown	Anushavan Sawsanver, legendary son of Ara son of Ara; the name was revived in the 19th century	legendary	Movses Khorenatsi, History of the Armenians I.19–20 (Bedrosian, Selections https://archive.org/details/mx-multilingual-01-02); Wiktionary s.v. Անուշավան (https://en.wiktionary.org/wiki/Անուշավան)	3		2	provisional
Aramayis	Արամայիս	Aramayis	b	IRANIAN-ORIGIN	Middle Iranian (*Arāmayīs), per Perikhanian	Aramayis, legendary son of Aramaneak and founder of Armavir	legendary	Movses Khorenatsi, History of the Armenians I.3, I.12 (Bedrosian, Selections https://archive.org/details/mx-multilingual-01-02); Meaning: Wiktionary s.v. Արամայիս (https://en.wiktionary.org/wiki/Արամայիս)	3	one who strives for peace and joy	2	provisional
Aristakes	Արիստակէս	Aristakēs	b	CHRISTIAN-IMPORT	Greek	Aristakes, son of Gregory the Illuminator, catholicos, at the Council of Nicaea, 325	4th c. CE	Pʿawstos Buzand, History of the Armenians III.2 (Bedrosian trans. https://archive.org/details/HistoryOfTheArmeniansByPawstosBuzand_569)	3		2	firm
Armenak	Արմենակ	Aramaneak	b	NATIVE	Armenian legend (Ačaṙyan: coined by Khorenatsi; Perikhanian: Middle Iranian)	Aramaneak, son of Hayk; Armenak is the modern form, revived in the 18th century	legendary	Movses Khorenatsi, History of the Armenians I.3, I.12 (Bedrosian, Selections https://archive.org/details/mx-multilingual-01-02); Wiktionary s.v. Արամանեակ (https://en.wiktionary.org/wiki/Արամանեակ), Արմենակ (https://en.wiktionary.org/wiki/Արմենակ)	3		2	provisional
Arshavir	Արշաւիր	Aršawir	b	IRANIAN-ORIGIN	Iranian (Hübschmann)	Arshavir Kamsarakan, prince of Shirak and Arsharunik, 4th c.	4th c. CE	Pʿawstos Buzand, History of the Armenians III.11 (Bedrosian trans. https://archive.org/details/HistoryOfTheArmeniansByPawstosBuzand_569); Hübschmann, Armenische Grammatik I (1897), Persische Namen no. 26 (https://archive.org/details/ArmenischeGrammatik); Wiktionary s.v. Արշավիր (https://en.wiktionary.org/wiki/Արշավիր)	3		2	firm
Artashes	Արտաշէս	Artašēs	b	IRANIAN-ORIGIN	Southwestern Iranian (family of Old Persian Artaxšaçā)	Artashes I (Artaxias), founder of the Artaxiad kingdom, early 2nd c. BCE	2nd c. BCE	Strabo, Geography 11.14.5, 11.14.15 (https://penelope.uchicago.edu/Thayer/E/Roman/Texts/Strabo/11N*.html); Hübschmann, Armenische Grammatik I (1897), Persische Namen no. 31 (https://archive.org/details/ArmenischeGrammatik); Wiktionary s.v. Արտաշէս (https://en.wiktionary.org/wiki/Արտաշէս)	2		2	firm
Ghazar	Ղազար	Łazar	b	CHRISTIAN-IMPORT	Hebrew (Lazarus), via Greek	Ghazar Parpetsi, historian of Armenia, c. 500	5th c. CE	Ghazar Parpetsi, History of the Armenians, the author himself (Bedrosian trans. https://archive.org/details/GhazarParbetsisHistoryOfTheArmenians); Wiktionary s.v. Ղազար (https://en.wiktionary.org/wiki/Ղազար)	3		2	firm
Grigoris	Գրիգորիս	Grigoris	b	CHRISTIAN-IMPORT	Greek (Grēgorios)	Grigoris, grandson of Gregory, bishop among the Albanians, martyred 4th c.	4th c. CE	Pʿawstos Buzand, History of the Armenians III.5–6 (Bedrosian trans. https://archive.org/details/HistoryOfTheArmeniansByPawstosBuzand_569)	3		2	firm
Hamazasp	Համազասպ	Hamazasp	b	IRANIAN-ORIGIN	Iranian (*Hamāzāspa)	Hamazasp Mamikonian, commander of Armenia, father of Vardan, early 5th c.	5th c. CE	Ghazar Parpetsi, History of the Armenians Part One §18 (Bedrosian trans. https://archive.org/details/GhazarParbetsisHistoryOfTheArmenians); Hübschmann, Armenische Grammatik I (1897), Persische Namen no. 94 (https://archive.org/details/ArmenischeGrammatik); Meaning: Hübschmann, Armenische Grammatik I (1897), Persische Namen no. 94 (https://archive.org/details/ArmenischeGrammatik)	3	assembly + horse	2	firm
Hmayak	Հմայեակ	Hmayeak	b	IRANIAN-ORIGIN	Iranian (Hübschmann)	Hmayak Mamikonian, brother of Vardan, killed in 451	5th c. CE	Ghazar Parpetsi, History of the Armenians Part One §18 (Bedrosian trans. https://archive.org/details/GhazarParbetsisHistoryOfTheArmenians); Hübschmann, Armenische Grammatik I (1897), Persische Namen no. 96 (https://archive.org/details/ArmenischeGrammatik); Wiktionary s.v. Հմայակ (https://en.wiktionary.org/wiki/Հմայակ)	3		2	firm
Hrachya	Հրաչեայ	Hračʿeay	b	NATIVE	Armenian (hur 'fire' + ačʿkʿ 'eyes'), coined by Khorenatsi	Hrachya, legendary king 'so named because of his very radiant face and fiery eyes'	legendary	Movses Khorenatsi, History of the Armenians I.22 (Bedrosian, Selections https://archive.org/details/mx-multilingual-01-02); Meaning: Wiktionary s.v. Հրաչեայ (https://en.wiktionary.org/wiki/Հրաչեայ)	3	fire-eyed	2	provisional
Hrahat	Հրահատ	Hrahat	b	IRANIAN-ORIGIN	Iranian (Hübschmann)	Hrahat, lord of Ashotsk, at the council of 450	5th c. CE	Ghazar Parpetsi, History of the Armenians Part Two §23 (Bedrosian trans. https://archive.org/details/GhazarParbetsisHistoryOfTheArmenians); Hübschmann, Armenische Grammatik I (1897), Persische Namen no. 99 (https://archive.org/details/ArmenischeGrammatik)	3		2	firm
Khad	Խադ	Xad	b	NATIVE	Armenian (xad 'a kind of sword')	Khad, bishop of Bagrevand, deputy of Nerses the Great, 4th c.	4th c. CE	Pʿawstos Buzand, History of the Armenians IV.12 (Bedrosian trans. https://archive.org/details/HistoryOfTheArmeniansByPawstosBuzand_569); Wiktionary s.v. Խադ (https://en.wiktionary.org/wiki/Խադ); Meaning: Wiktionary s.v. Խադ (https://en.wiktionary.org/wiki/Խադ)	3	a kind of sword	2	firm
Khosrov	Խոսրով	Xosrov	b	IRANIAN-ORIGIN	Middle Iranian	Khosrov Kotak, king of Armenia, r. c. 330–339, son of Trdat	4th c. CE	Pʿawstos Buzand, History of the Armenians III.3, III.11 (Bedrosian trans. https://archive.org/details/HistoryOfTheArmeniansByPawstosBuzand_569); Meaning: Wiktionary s.v. Խոսրով (https://en.wiktionary.org/wiki/Խոսրով)	3	renowned, of good repute	2	firm
Mushegh	Մուշեղ	Mušeł	b	OTHER-IMPORT	Hittite (Muršili), per Ačaṙyan	Mushegh Mamikonian, commander of Armenia, killed c. 378	4th c. CE	Pʿawstos Buzand, History of the Armenians V.2 (Bedrosian trans. https://archive.org/details/HistoryOfTheArmeniansByPawstosBuzand_569); Wiktionary s.v. Մուշեղ (https://en.wiktionary.org/wiki/Մուշեղ)	3		2	firm
Sanatruk	Սանատրուկ	Sanatruk	b	IRANIAN-ORIGIN	Parthian	Sanatruk, king of Armenia remembered as the killer of the apostle Thaddeus, 1st c. (tradition)	1st c. CE	Movses Khorenatsi, History of the Armenians II.34–36 (Bedrosian, Selections https://archive.org/details/mx-multilingual-01-02); Pʿawstos Buzand, History of the Armenians III.1 (Bedrosian trans. https://archive.org/details/HistoryOfTheArmeniansByPawstosBuzand_569); Meaning: Wiktionary s.v. Սանատրուկ (https://en.wiktionary.org/wiki/Սանատրուկ)	3	enemy-conquering (Henning)	2	provisional
Tachat	Տաճատ	Tačat	b	UNCERTAIN	open (Ačaṙyan); Iranian *tačata- 'swift, strong' per Perikhanian	Tachat Rshtuni, son of Mehendak, saved as an infant in a 4th-c. massacre	4th c. CE	Pʿawstos Buzand, History of the Armenians III.18 (Bedrosian trans. https://archive.org/details/HistoryOfTheArmeniansByPawstosBuzand_569); Wiktionary s.v. Տաճատ (https://en.wiktionary.org/wiki/Տաճատ)	3		2	firm
Vagharsh	Վաղարշ	Vałarš	b	IRANIAN-ORIGIN	Parthian (Walgaš)	Vagharsh, prince of Anjit and great hazarapet of Armenia, 4th c.	4th c. CE	Pʿawstos Buzand, History of the Armenians III.12 (Bedrosian trans. https://archive.org/details/HistoryOfTheArmeniansByPawstosBuzand_569); Hübschmann, Armenische Grammatik I (1897), Persische Namen no. 178 (https://archive.org/details/ArmenischeGrammatik); Wiktionary s.v. Վաղարշ (https://en.wiktionary.org/wiki/Վաղարշ)	3		2	firm
Varazdat	Վարազդատ	Varazdat	b	IRANIAN-ORIGIN	Middle Persian (*Warāzdāt)	Varazdat, king of Armenia, r. 374–378	4th c. CE	Pʿawstos Buzand, History of the Armenians V.34–37 (Bedrosian trans. https://archive.org/details/HistoryOfTheArmeniansByPawstosBuzand_569); Meaning: Wiktionary s.v. Վարազդատ (https://en.wiktionary.org/wiki/Վարազդատ)	3	given by the boar	2	firm
Yeghishe	Եղիշէ	Ełišē	b	CHRISTIAN-IMPORT	Syriac (from Hebrew Elisha)	Yeghishe, bishop of Amatunik, at the council of 450	5th c. CE	Ghazar Parpetsi, History of the Armenians Part Two §23 (Bedrosian trans. https://archive.org/details/GhazarParbetsisHistoryOfTheArmenians); Wiktionary s.v. Եղիշե (https://en.wiktionary.org/wiki/Եղիշե)	3		2	firm
Yervand	Երուանդ	Eruand	b	IRANIAN-ORIGIN	Middle Iranian (*rēvant), per Perikhanian	Yervand, last king of the Orontid line, overthrown by Artashes, c. 200 BCE	3rd–2nd c. BCE	Movses Khorenatsi, History of the Armenians II.37–46 (Bedrosian, Selections https://archive.org/details/mx-multilingual-01-02); Meaning: Wiktionary s.v. Երուանդ (https://en.wiktionary.org/wiki/Երուանդ)	3	possessing wealth	2	probable
Yeznik	Եզնիկ	Eznik	b	NATIVE	Armenian (ezn 'ox' + diminutive -ik)	Yeznik of Koghb, translator and theologian, pupil of Mashtots, 5th c.	5th c. CE	Movses Khorenatsi, History of the Armenians III.60 (Bedrosian, Selections https://archive.org/details/mx-multilingual-01-02); Wiktionary s.v. Եզնիկ (https://en.wiktionary.org/wiki/Եզնիկ); Meaning: Wiktionary s.v. Եզնիկ (https://en.wiktionary.org/wiki/Եզնիկ)	3	little ox	2	firm
Hamazaspuhi	Համազասպուհի	Hamazaspuhi	g	IRANIAN-ORIGIN	Iranian Hamazasp + Armenian feminine -uhi	Hamazaspuhi Mamikonian, wife of Garegin Rshtuni, hanged at Van for refusing Mazdaism, c. 368	4th c. CE	Pʿawstos Buzand, History of the Armenians IV.59, V.37 (Bedrosian trans. https://archive.org/details/HistoryOfTheArmeniansByPawstosBuzand_569)	3		3	firm
Khosrovidukht	Խոսրովիդուխտ	Xosroviduxt	g	IRANIAN-ORIGIN	Middle Persian (Khosrov + duxt 'daughter')	Khosrovidukht, sister of King Trdat III, whose vision led to Gregory's release, early 4th c.	4th c. CE	Agathangelos, History of the Armenians §214, 766 (Bedrosian, Selections https://archive.org/details/agatangeghos-selections); Hübschmann, Armenische Grammatik I (1897), Persische Namen no. 59 (https://archive.org/details/ArmenischeGrammatik); Meaning: Hübschmann, Armenische Grammatik I (1897), Persische Namen no. 59 (https://archive.org/details/ArmenischeGrammatik)	3	daughter of Khosrov	3	probable
Varazdukht	Վարազդուխտ	Varazduxt	g	IRANIAN-ORIGIN	Middle Persian (Varaz + duxt 'daughter')	Varazdukht, sister of King Tiran and wife of Pap son of Yusik, 4th c.	4th c. CE	Pʿawstos Buzand, History of the Armenians III.15 (Bedrosian trans. https://archive.org/details/HistoryOfTheArmeniansByPawstosBuzand_569); Hübschmann, Armenische Grammatik I (1897), Persische Namen no. 59 (https://archive.org/details/ArmenischeGrammatik)	3		3	firm
Vardandukht	Վարդանդուխտ	Vardanduxt	g	IRANIAN-ORIGIN	Iranian (Vardan + duxt 'daughter')	Vardandukht, daughter of Manuel Mamikonian and wife of King Arshak III, late 4th c.	4th c. CE	Pʿawstos Buzand, History of the Armenians V.44 (Bedrosian trans. https://archive.org/details/HistoryOfTheArmeniansByPawstosBuzand_569); Hübschmann, Armenische Grammatik I (1897), Persische Namen no. 59 (https://archive.org/details/ArmenischeGrammatik)	3		3	probable
Zarmandukht	Զարմանդուխտ	Zarmanduxt	g	IRANIAN-ORIGIN	Middle Persian (zarmān 'old' + duxt 'daughter')	Zarmandukht, queen of King Pap, regent for her sons, late 4th c.	4th c. CE	Pʿawstos Buzand, History of the Armenians V.37 (Bedrosian trans. https://archive.org/details/HistoryOfTheArmeniansByPawstosBuzand_569); Hübschmann, Armenische Grammatik I (1897), Persische Namen no. 69 (https://archive.org/details/ArmenischeGrammatik); Meaning: Hübschmann, Armenische Grammatik I (1897), Persische Namen no. 69 (https://archive.org/details/ArmenischeGrammatik)	3	old + daughter	3	firm
Artavazd	Արտաւազդ	Artawazd	b	IRANIAN-ORIGIN	Iranian	Artavazd II, king of Armenia, ally then enemy of Crassus, 53 BCE	1st c. BCE	Plutarch, Life of Crassus 19, 'Artabazes' (https://penelope.uchicago.edu/Thayer/E/Roman/Texts/Plutarch/Lives/Crassus*.html); Hübschmann, Armenische Grammatik I (1897), Persische Namen no. 32 (https://archive.org/details/ArmenischeGrammatik); Wiktionary s.v. Արտավազդ (https://en.wiktionary.org/wiki/Արտավազդ)	2		3	firm
Ghevond	Ղեւոնդ	Łewond	b	CHRISTIAN-IMPORT	Greek (Leontios)	Ghevond, the priest who led the clergy in the war of 451	5th c. CE	Ghazar Parpetsi, History of the Armenians Part Two §23 (Bedrosian trans. https://archive.org/details/GhazarParbetsisHistoryOfTheArmenians); Greek form: Agathangelos, History of the Armenians §796 (Bedrosian, Selections https://archive.org/details/agatangeghos-selections)	3		3	firm
Trdat	Տրդատ	Trdat	b	IRANIAN-ORIGIN	Parthian (Tīrdāt)	Trdat (Tiridates I), king of Armenia crowned by Nero in 66 CE; also Trdat III, first Christian king	1st c. CE	Tacitus, Annals 15.1 (https://penelope.uchicago.edu/Thayer/E/Roman/Texts/Tacitus/Annals/15A*.html); Agathangelos, History of the Armenians §766 (Bedrosian, Selections https://archive.org/details/agatangeghos-selections); Wiktionary s.v. Տրդատ (https://en.wiktionary.org/wiki/Տրդատ)	2		3	firm
Vagharshak	Վաղարշակ	Vałaršak	b	IRANIAN-ORIGIN	Parthian (Vagharsh + -ak)	Vagharshak, Arsacid prince raised by Manuel Mamikonian, later king, late 4th c.	4th c. CE	Pʿawstos Buzand, History of the Armenians V.37 (Bedrosian trans. https://archive.org/details/HistoryOfTheArmeniansByPawstosBuzand_569); Wiktionary s.v. Վաղարշակ (https://en.wiktionary.org/wiki/Վաղարշակ)	3		3	firm
Vrtanes	Վրթանէս	Vrtʿanēs	b	UNCERTAIN	unknown (compare Georgian Ortane)	Vrtanes, son of Gregory the Illuminator, catholicos, d. c. 341	4th c. CE	Pʿawstos Buzand, History of the Armenians III.3, III.11 (Bedrosian trans. https://archive.org/details/HistoryOfTheArmeniansByPawstosBuzand_569); Wiktionary s.v. Վրթանէս (https://en.wiktionary.org/wiki/Վրթանէս)	3		3	firm
