name	attested_form	people	language	sex	who	evidence	source	meaning	components	ease	modern_spelling_note	confidence	kind
Chimalma	Chīmalmā (Chimalman)	Nahua (Mexica)	Classical Nahuatl	g	Chimalman, legendary woman who led the Mexica migration from Aztlan (also told of as a divine mother)	CHRONICLE	Online Nahuatl Dictionary, 'chimalman' https://nahuatl.wired-humanities.org/content/chimalman (Codex Chimalpahin)	shield hand?	chīmal(li) shield + mā(itl) hand	1	Chimalma is the Classical form without the final n	provisional	PERSON
Citlali	citlalin	Nahua	Classical Nahuatl	g	no pre-1521 woman of this name found; a Nahuatl word		Online Nahuatl Dictionary, 'citlalin' https://nahuatl.wired-humanities.org/content/citlalin	star	citlalin star	1	Citlali is a modern given-name spelling of citlalin	secure	WORD-NAME
Malinali	malinalli	Nahua	Classical Nahuatl	g	no pre-1521 person of this name found; a Nahuatl word and day sign		Online Nahuatl Dictionary, 'malinalli' https://nahuatl.wired-humanities.org/content/malinalli	twisted grass; a day sign of the ritual calendar	malinalli	1	Malinali is a modern spelling of malinalli	secure	WORD-NAME
Ixchel	Ix Chel	Maya (Yucatec)	Yucatec Maya	g	goddess of childbirth and weaving in Postclassic Yucatán (Landa, c.1566)		https://en.wikipedia.org/wiki/Ixchel (pointer to Diego de Landa, Relación de las cosas de Yucatán)	Lady Rainbow? (chel, rainbow; reading debated)	ix female + chel	1		provisional	DEITY-NAME
Xilonen	Xīlōnen	Nahua	Classical Nahuatl	g	Mexica goddess of the young maize		Online Nahuatl Dictionary, 'xilonen' https://nahuatl.wired-humanities.org/content/xilonen	the hairy one (like cornsilk)	xilo(tl) young maize ear	1		secure	DEITY-NAME
Awilix	Awilix (Auilix)	Maya (K'iche')	K'iche' Maya	g	patron deity of the Nija'ib lineage in the Popol Vuh (K'iche', Guatemala)		https://en.wikipedia.org/wiki/Awilix; Popol Vuh, tr. Allen J. Christenson https://www.mesoweb.com/publications/Christenson/PopolVuh.pdf			1		provisional	DEITY-NAME
Donaji	Donají	Zapotec (Benizáa)	Zapotec	g	Donají, daughter of Cosijoeza of Zaachila (c.1500) in Oaxacan legend; no pre-1521 or early-colonial record found	LATER-TRADITION	SEP Nueva Escuela Mexicana https://nuevaescuelamexicana.sep.gob.mx/contenido/coleccion/16842/			1		provisional	PERSON
Cipac	Cipac	Nahua (Morelos)	Classical Nahuatl	e	men and some women recorded in Mexico City, Cuernavaca, Tepetlaoztoc and Huexotzinco records, 16th century (usually male)	EARLY-COLONIAL-RECORD	Online Nahuatl Dictionary, 'cipac' (citing S. L. Cline, The Book of Tributes: Early Sixteenth-Century Nahuatl Censuses from Morelos, 1993) https://nahuatl.wired-humanities.org/content/cipac	crocodile (short for cipactli, a day sign)	cipac(tli)	1		provisional	PERSON
Pakal	Pakal (K'inich Janahb' Pakal)	Classic Maya (Palenque)	Classic Mayan	b	K'inich Janaab Pakal, ruler of Palenque, 603-683	INSCRIPTION	Mesoweb, Table of Palenque Rulers https://www.mesoweb.com/palenque/resources/rulers/rulers_table.html	shield	pakal shield	1		secure	PERSON
Tizoc	Tizocic (Tizocicatzin)	Nahua (Mexica)	Classical Nahuatl	b	Tizoc, seventh ruler of Tenochtitlan, r. 1481-1486	CODEX	Visual Lexicon of Aztec Hieroglyphs, Tizocic (Codex Mendoza f.12r) https://aztecglyphs.wired-humanities.org/node/1741	he who makes sacrifices		1	Tizoc is the usual short English form of Tizocic	secure	PERSON
Tenoch	Tenoch	Nahua (Mexica)	Classical Nahuatl	b	Tenoch, legendary founder of Tenochtitlan (Codex Mendoza f.2r); also a man in the Morelos censuses, c.1540	CODEX	Online Nahuatl Dictionary, 'tenoch' (citing S. L. Cline, The Book of Tributes: Early Sixteenth-Century Nahuatl Censuses from Morelos, 1993) https://nahuatl.wired-humanities.org/content/tenoch; Visual Lexicon https://aztecglyphs.wired-humanities.org/content/tenoch-mdz2r	stone prickly pear?	te(tl) stone + noch(tli) prickly pear	1		provisional	PERSON
Quetzal	Quetzal (Quezall)	Nahua (Morelos)	Classical Nahuatl	b	men recorded in the Morelos censuses, c.1540	EARLY-COLONIAL-RECORD	Online Nahuatl Dictionary, 'quetzal' (citing S. L. Cline, The Book of Tributes: Early Sixteenth-Century Nahuatl Censuses from Morelos, 1993) https://nahuatl.wired-humanities.org/content/quetzal	quetzal feather	quetzalli	1		secure	PERSON
Tonal	Tonal (Donal)	Nahua (Morelos)	Classical Nahuatl	b	men recorded in the Morelos censuses, c.1540	EARLY-COLONIAL-RECORD	Online Nahuatl Dictionary, 'tonal' (citing S. L. Cline, The Book of Tributes: Early Sixteenth-Century Nahuatl Censuses from Morelos, 1993) https://nahuatl.wired-humanities.org/content/tonal	warmth of the sun; day, fate	tōnal(li)	1		secure	PERSON
Tariacuri	Tariácuri	Purépecha	Purépecha	b	Tariácuri, founder of the Purépecha state, early 15th century	CHRONICLE	Relación de Michoacán, c.1539-41 (El Escorial ms. C.IV.5); pointer https://en.wikipedia.org/wiki/Tariácuri			1	Tariacuri drops the accent of Tariácuri	secure	PERSON
Hiripan	Hiripan	Purépecha	Purépecha	b	Hiripan, nephew of Tariácuri, ruler (cazonci) d. c.1435	CHRONICLE	Relación de Michoacán, c.1539-41 (El Escorial ms. C.IV.5); pointer https://en.wikipedia.org/wiki/Hiripan			1		secure	PERSON
Zuangua	Zuangua	Purépecha	Purépecha	b	Zuangua, cazonci of the Purépecha, d. 1520	CHRONICLE	Relación de Michoacán, c.1539-41 (El Escorial ms. C.IV.5); pointer https://en.wikipedia.org/wiki/Zuangua			1		secure	PERSON
Miahua	Miahuaxihuitl (Miyahuaxihuitl)	Nahua (Mexica)	Classical Nahuatl	g	Miahuaxihuitl of Cuauhnahuac, queen of Tenochtitlan, mother of Motecuhzoma I, late 14th century	CHRONICLE	https://en.wikipedia.org/wiki/Miahuaxihuitl (pointer to Chimalpahin); Online Nahuatl Dictionary, 'miyahuatl' https://nahuatl.wired-humanities.org/content/miyahuatl	maize-tassel flower (+ turquoise)	miyahua(tl) maize tassel flower + xihuitl turquoise	2	Miahua is a modern short form of Miahuaxihuitl	provisional	PERSON
Tlaco	Tlaco (Thlacv)	Nahua (Morelos)	Classical Nahuatl	g	women recorded in the Morelos censuses, c.1540 (a birth-order name, common for girls)	EARLY-COLONIAL-RECORD	Online Nahuatl Dictionary, 'tlaco' (citing S. L. Cline, The Book of Tributes: Early Sixteenth-Century Nahuatl Censuses from Morelos, 1993) https://nahuatl.wired-humanities.org/content/tlaco	middle (birth-order name)	tlahco half, middle	2		secure	PERSON
Xoco	Xoco (Xocv)	Nahua (Morelos)	Classical Nahuatl	g	women recorded in the Morelos censuses, c.1540	EARLY-COLONIAL-RECORD	Online Nahuatl Dictionary, 'xoco' (citing S. L. Cline, The Book of Tributes: Early Sixteenth-Century Nahuatl Censuses from Morelos, 1993) https://nahuatl.wired-humanities.org/content/xoco	youngest child	xōcoh	2		secure	PERSON
Necahual	Necahual (Necaval)	Nahua (Morelos)	Classical Nahuatl	g	wives recorded in the Morelos censuses, c.1540 (very common)	EARLY-COLONIAL-RECORD	Online Nahuatl Dictionary, 'necahual' (citing S. L. Cline, The Book of Tributes: Early Sixteenth-Century Nahuatl Censuses from Morelos, 1993) https://nahuatl.wired-humanities.org/content/necahual	the abandoned one (Lockhart)		2		secure	PERSON
Centehua	Centehua (Zeteva)	Nahua (Morelos)	Classical Nahuatl	g	an unbaptized woman and others in the Morelos censuses, c.1540	EARLY-COLONIAL-RECORD	Online Nahuatl Dictionary, 'centehua' (citing S. L. Cline, The Book of Tributes: Early Sixteenth-Century Nahuatl Censuses from Morelos, 1993) https://nahuatl.wired-humanities.org/content/centehua			2		secure	PERSON
Papanton	Papanton (Papato)	Nahua (Morelos)	Classical Nahuatl	g	Papanton, wife of Tezcacoacatl, Morelos censuses, c.1540	EARLY-COLONIAL-RECORD	Online Nahuatl Dictionary, 'papanton' (citing S. L. Cline, The Book of Tributes: Early Sixteenth-Century Nahuatl Censuses from Morelos, 1993) https://nahuatl.wired-humanities.org/content/papanton			2		secure	PERSON
Yohl	Ix Yohl Ik'nal	Classic Maya (Palenque)	Classic Mayan	g	Ix Yohl Ik'nal, queen regnant of Palenque, r. 583-604	INSCRIPTION	Mesoweb, Table of Palenque Rulers https://www.mesoweb.com/palenque/resources/rulers/rulers_table.html	heart of the windy place?	yohl heart? + ik'nal windy place?	2	Yohl is one element of the attested name Ix Yohl Ik'nal, not a name on its own	provisional	PERSON
Sak Kuk	Ix Sak K'uk'	Classic Maya (Palenque)	Classic Mayan	g	Ix Sak K'uk', mother of K'inich Janaab Pakal, d. 640	INSCRIPTION	Mesoweb, Palenque dates https://www.mesoweb.com/palenque/resources/dates/dates_all.html; pointer https://en.wikipedia.org/wiki/Sak_K%CA%BCuk%CA%BC	white quetzal	sak white + k'uk' quetzal	2	Sak Kuk is a modern spelling of Sak K'uk' without the glottal marks	secure	PERSON
Kabel	Ix K'abel	Classic Maya (Waka')	Classic Mayan	g	Ix K'abel, queen and Kaloomte' of Waka' (El Perú), 7th century	INSCRIPTION	https://en.wikipedia.org/wiki/Lady_K%CA%BCabel (pointer to Waka' Stela 34)			2	Kabel is a modern spelling of K'abel	provisional	PERSON
Metztli	metztli	Nahua	Classical Nahuatl	g	no pre-1521 woman of this name found; a Nahuatl word		Online Nahuatl Dictionary, 'metztli' https://nahuatl.wired-humanities.org/content/metztli	moon; month	metztli	2	Metzli is a modern spelling of metztli	secure	WORD-NAME
Mayahuel	Mayahuel	Nahua	Classical Nahuatl	g	Nahua goddess of the maguey plant		https://en.wikipedia.org/wiki/Mayahuel (pointer to Codex Borgia / Florentine Codex)			2		provisional	DEITY-NAME
Xochitl	Xōchitl (Xochitl, Suchitl)	Nahua (Mexica)	Classical Nahuatl	e	men and women of the 16th-century central Mexican records; also Xochitl, a Toltec noblewoman in Alva Ixtlilxochitl's chronicle	EARLY-COLONIAL-RECORD	Online Nahuatl Dictionary, 'xochitl' https://nahuatl.wired-humanities.org/content/xochitl	flower	xōchitl	2		secure	PERSON
Xochi	Xōchitl	Nahua (Mexica)	Classical Nahuatl	e	men and women of the 16th-century central Mexican records; also Xochitl, a Toltec noblewoman in Alva Ixtlilxochitl's chronicle	EARLY-COLONIAL-RECORD	Online Nahuatl Dictionary, 'xochitl' https://nahuatl.wired-humanities.org/content/xochitl	flower	xōchi- (combining form of xōchitl)	2	Xochi is a modern short form of Xochitl	secure	PERSON
Balam	Bahlam (K'inich Kan B'ahlam; Itzamnaaj Bahlam)	Classic Maya (Palenque, Yaxchilan)	Classic Mayan	b	an element in the names of K'inich Kan Bahlam II of Palenque (635-702) and Itzamnaaj Bahlam III of Yaxchilan (r. 681-742)	INSCRIPTION	Mesoweb, Table of Palenque Rulers https://www.mesoweb.com/palenque/resources/rulers/rulers_table.html; pointer https://en.wikipedia.org/wiki/Itzamnaaj_Bahlam_III	jaguar	bahlam jaguar	2	Balam is a modern spelling of Bahlam, a name element	secure	PERSON
Ocelotl	Ocelotl	Nahua (Texcoco)	Classical Nahuatl	b	Martín Ocelotl, Texcoco native priest tried by the Inquisition in 1536-37	EARLY-COLONIAL-RECORD	Online Nahuatl Dictionary, 'ocelotl' https://nahuatl.wired-humanities.org/content/ocelotl; pointer https://en.wikipedia.org/wiki/Mart%C3%ADn_Ocelotl	jaguar	ocēlōtl	2		secure	PERSON
Acatl	Acatl (Hacat)	Nahua (Morelos)	Classical Nahuatl	b	Toribio Hacat, a household head; also children named Acatl, Morelos records c.1540	EARLY-COLONIAL-RECORD	Online Nahuatl Dictionary, 'acatl' (citing S. L. Cline, The Book of Tributes: Early Sixteenth-Century Nahuatl Censuses from Morelos, 1993) https://nahuatl.wired-humanities.org/content/acatl	reed (a day sign)	ācatl	2		provisional	PERSON
Mazatl	Mazatl	Nahua	Classical Nahuatl	b	men named Mazatl in 16th-century records (Lockhart)	EARLY-COLONIAL-RECORD	Online Nahuatl Dictionary, 'mazatl' https://nahuatl.wired-humanities.org/content/mazatl	deer (a day sign)	mazātl	2		secure	PERSON
Yaotl	Yaotl	Nahua (Morelos)	Classical Nahuatl	b	men recorded in the Morelos censuses, c.1540	EARLY-COLONIAL-RECORD	Online Nahuatl Dictionary, 'yaotl' (citing S. L. Cline, The Book of Tributes: Early Sixteenth-Century Nahuatl Censuses from Morelos, 1993) https://nahuatl.wired-humanities.org/content/yaotl	combatant	yāōtl	2		secure	PERSON
Itzcuin	Itzcuin (Cuin, Cuintli)	Nahua (Huexotzinco)	Classical Nahuatl	b	men in the Matrícula de Huexotzinco, 1560	EARLY-COLONIAL-RECORD	Online Nahuatl Dictionary, 'itzcuintli' https://nahuatl.wired-humanities.org/content/itzcuintli	dog (a day sign)	itzcuin(tli)	2		provisional	PERSON
Tangaxuan	Tangáxuan (Tzintzicha Tangaxuan)	Purépecha	Purépecha	b	Tangáxuan I, co-ruler with Hiripan, 15th century; Tzintzicha Tangaxuan II, last cazonci, r. 1520-1530	CHRONICLE	Relación de Michoacán, c.1539-41 (El Escorial ms. C.IV.5); pointer https://en.wikipedia.org/wiki/Tangaxuan_II			2	Tangaxuan drops the accent; x sounds like sh	secure	PERSON
Hiquingare	Hiquíngare (Hiquíngaje)	Purépecha	Purépecha	b	Hiquíngare, son of Tariácuri, 15th century	CHRONICLE	Relación de Michoacán, c.1539-41 (El Escorial ms. C.IV.5)			2		provisional	PERSON
Tecuichpo	Tecuichpoch (Tecuichpotzin)	Nahua (Mexica)	Classical Nahuatl	g	Tecuichpoch (Isabel Moctezuma), daughter of Motecuhzoma II, b. c.1509; the name is also borne by Morelos census women	EARLY-COLONIAL-RECORD	Online Nahuatl Dictionary, 'tecuichpoch' https://nahuatl.wired-humanities.org/content/tecuichpoch	lord's daughter?	teuc(tli) lord + ichpoch(tli) maiden	3		secure	PERSON
Atotoztli	Atotoztli	Nahua (Mexica)	Classical Nahuatl	g	Atotoztli, daughter of Motecuhzoma I, mother of Axayacatl, Tizoc and Ahuitzotl, 15th century	CHRONICLE	Online Nahuatl Dictionary, 'atotoztli' https://nahuatl.wired-humanities.org/content/atotoztli	yellow parrot of the water?	ā(tl) water + toztli yellow parrot	3		secure	PERSON
Ilancueitl	Ilancueitl (Illancueitl)	Nahua (Mexica)	Classical Nahuatl	g	Ilancueitl, wife of Acamapichtli, first queen of Tenochtitlan, 14th century	CODEX	Online Nahuatl Dictionary, 'ilancueitl' https://nahuatl.wired-humanities.org/content/ilancueitl (Codex Telleriano-Remensis)	old woman's skirt	ilam(a) old woman + cuēitl skirt	3		secure	PERSON
Tecapantzin	Tecapantzin	Nahua (Tlatelolco)	Classical Nahuatl	g	Tecapantzin, Tlatelolco noblewoman, wife of Ahuitzotl and mother of Cuauhtemoc, late 15th century	CHRONICLE	Online Nahuatl Dictionary, 'tecapantzin' https://nahuatl.wired-humanities.org/content/tecapantzin (Codex Chimalpahin)			3		secure	PERSON
Papantzin	Papantzin	Nahua (Mexica)	Classical Nahuatl	g	Papantzin, sister of Motecuhzoma II, early 16th century	CHRONICLE	https://en.wikipedia.org/wiki/Papantzin (pointer)			3		provisional	PERSON
Azcalxochitzin	Azcalxochitzin	Nahua (Texcoco)	Classical Nahuatl	g	Azcalxochitzin, wife of Nezahualcoyotl and mother of Nezahualpilli, 15th century	CHRONICLE	https://en.wikipedia.org/wiki/Azcalxochitzin (pointer to Alva Ixtlilxochitl)	ant flower?	azca(tl) ant + xōchi(tl) flower + -tzin	3		provisional	PERSON
Cihuaton	Cihuaton	Nahua (Morelos)	Classical Nahuatl	g	women recorded in the Morelos censuses, c.1540	EARLY-COLONIAL-RECORD	Online Nahuatl Dictionary, 'cihuaton' (citing S. L. Cline, The Book of Tributes: Early Sixteenth-Century Nahuatl Censuses from Morelos, 1993) https://nahuatl.wired-humanities.org/content/cihuaton	little woman?	cihua(tl) woman + -ton	3		secure	PERSON
Cihuanen	Cihuanen	Nahua (Morelos)	Classical Nahuatl	g	a woman recorded in the Morelos censuses, c.1540	EARLY-COLONIAL-RECORD	Online Nahuatl Dictionary, 'cihuanen' (citing S. L. Cline, The Book of Tributes: Early Sixteenth-Century Nahuatl Censuses from Morelos, 1993) https://nahuatl.wired-humanities.org/content/cihuanen			3		secure	PERSON
Cecihuatl	Cecihuatl	Nahua (Morelos)	Classical Nahuatl	g	women recorded in the Morelos censuses, c.1540	EARLY-COLONIAL-RECORD	Online Nahuatl Dictionary, 'cecihuatl' (citing S. L. Cline, The Book of Tributes: Early Sixteenth-Century Nahuatl Censuses from Morelos, 1993) https://nahuatl.wired-humanities.org/content/cecihuatl			3		secure	PERSON
Tecapanton	Tecapanton	Nahua (Morelos)	Classical Nahuatl	g	a woman recorded in the Morelos censuses, c.1540	EARLY-COLONIAL-RECORD	Online Nahuatl Dictionary, 'tecapanton' (citing S. L. Cline, The Book of Tributes: Early Sixteenth-Century Nahuatl Censuses from Morelos, 1993) https://nahuatl.wired-humanities.org/content/tecapanton			3		secure	PERSON
Ollacatl	Ollacatl	Nahua (Morelos)	Classical Nahuatl	g	a woman recorded in the Morelos censuses, c.1540	EARLY-COLONIAL-RECORD	Online Nahuatl Dictionary, 'ollacatl' (citing S. L. Cline, The Book of Tributes: Early Sixteenth-Century Nahuatl Censuses from Morelos, 1993) https://nahuatl.wired-humanities.org/content/ollacatl			3		secure	PERSON
Teicu	Teicu (Teicuhton)	Nahua (Morelos)	Classical Nahuatl	g	women recorded in the Morelos censuses, c.1540	EARLY-COLONIAL-RECORD	Online Nahuatl Dictionary, 'teicu' (citing S. L. Cline, The Book of Tributes: Early Sixteenth-Century Nahuatl Censuses from Morelos, 1993) https://nahuatl.wired-humanities.org/content/teicu	younger sister	teicuh	3		secure	PERSON
Kabal Xook	Ix K'abal Xook	Classic Maya (Yaxchilan)	Classic Mayan	g	Ix K'abal Xook, principal wife of Itzamnaaj Bahlam III of Yaxchilan, d. 749	INSCRIPTION	https://en.wikipedia.org/wiki/Lady_Xoc (pointer to Yaxchilan Lintels 24-26)			3		secure	PERSON
Wak Chanil Ajaw	Ix Wak Chanil Ajaw	Classic Maya (Naranjo)	Classic Mayan	g	Ix Wak Chanil Ajaw (Lady Six Sky), ruler at Naranjo, 682-741, born at Dos Pilas	INSCRIPTION	https://en.wikipedia.org/wiki/Lady_Six_Sky (pointer to Naranjo Stela 24)	Lady Six Sky	wak six + chan sky	3		secure	PERSON
Tzakbu Ajaw	Ix Tz'akbu Ajaw (Mesoweb: Lady Tz'ak Ahaw)	Classic Maya (Palenque)	Classic Mayan	g	Ix Tz'akbu Ajaw, wife of K'inich Janaab Pakal, married 626, d. 672	INSCRIPTION	Mesoweb, Table of Palenque Rulers https://www.mesoweb.com/palenque/resources/rulers/rulers_table.html			3		secure	PERSON
Six Monkey	6 Monkey 'Serpent Quechquemitl'	Mixtec (Ñuu Savi)	Mixtec	g	Lady 6 Monkey of Jaltepec, 11th century	CODEX	https://en.wikipedia.org/wiki/Lady_Six_Monkey (pointer to Codex Selden)	calendar name 6 Monkey; epithet Serpent (or War) Quechquemitl		3		provisional	PERSON
Thirteen Serpent	13 Serpent 'Flowered Serpent'	Mixtec (Ñuu Savi)	Mixtec	g	Lady 13 Serpent, wife of 8 Deer Jaguar Claw, 11th century	CODEX	Codex Zouche-Nuttall; pointer https://en.wikipedia.org/wiki/Eight_Deer_Jaguar_Claw	calendar name 13 Serpent; epithet Flowered Serpent		3		provisional	PERSON
Three Flint	3 Flint 'Shell Quechquemitl'	Mixtec (Ñuu Savi)	Mixtec	g	Lady 3 Flint, ancestral noblewoman of the Tilantongo genealogy, 10th century	CODEX	Codex Zouche-Nuttall; pointer https://en.wikipedia.org/wiki/Codex_Zouche-Nuttall	calendar name 3 Flint; epithet Shell Quechquemitl		3		provisional	PERSON
Itzcoatl	Itzcoatl (Itzcoatzin)	Nahua (Mexica)	Classical Nahuatl	b	Itzcoatl, fourth ruler of Tenochtitlan, r. 1427-1440	CODEX	Online Nahuatl Dictionary, 'itzcoatl' https://nahuatl.wired-humanities.org/content/itzcoatl; Codex Mendoza https://codicemendoza.inah.gob.mx	obsidian snake	itz(tli) obsidian + cōātl snake	3		secure	PERSON
Cuauhtemoc	Cuauhtemoc (Quauhtimoctzin)	Nahua (Mexica)	Classical Nahuatl	b	Cuauhtemoc, last ruler of Tenochtitlan, r. 1520-1525, son of Ahuitzotl	CHRONICLE	Online Nahuatl Dictionary, 'cuauhtemoc' https://nahuatl.wired-humanities.org/content/cuauhtemoc	descending eagle?	cuauh(tli) eagle + temo descend	3		secure	PERSON
Acamapichtli	Acamapichtli	Nahua (Mexica)	Classical Nahuatl	b	Acamapichtli, first ruler of Tenochtitlan, late 14th century	CODEX	Online Nahuatl Dictionary, 'acamapichtli' https://nahuatl.wired-humanities.org/content/acamapichtli; Codex Mendoza https://codicemendoza.inah.gob.mx	handful of reed arrows	ā(catl) reed + mapich(tli) handful	3		secure	PERSON
Huitzilihuitl	Huitzilihuitl	Nahua (Mexica)	Classical Nahuatl	b	Huitzilihuitl, second ruler of Tenochtitlan, early 15th century	CODEX	Online Nahuatl Dictionary, 'huitzilihuitl' https://nahuatl.wired-humanities.org/content/huitzilihuitl; Codex Mendoza https://codicemendoza.inah.gob.mx	hummingbird feather	huitzil(in) hummingbird + ihhuitl feather	3		secure	PERSON
Chimalpopoca	Chimalpopoca	Nahua (Mexica)	Classical Nahuatl	b	Chimalpopoca, third ruler of Tenochtitlan, r. 1417-1427	CODEX	Online Nahuatl Dictionary, 'chimalpopoca' https://nahuatl.wired-humanities.org/content/chimalpopoca; Codex Mendoza https://codicemendoza.inah.gob.mx	smoking shield?	chīmal(li) shield + popōca smoke	3		secure	PERSON
Axayacatl	Axayacatl (Axayaca)	Nahua (Mexica)	Classical Nahuatl	b	Axayacatl, sixth ruler of Tenochtitlan, r. 1469-1481	CODEX	Online Nahuatl Dictionary, 'axayacatl' https://nahuatl.wired-humanities.org/content/axayacatl; Codex Mendoza https://codicemendoza.inah.gob.mx	a water insect	axayacatl	3		secure	PERSON
Ahuitzotl	Ahuitzotl (Ahuitzotzin)	Nahua (Mexica)	Classical Nahuatl	b	Ahuitzotl, eighth ruler of Tenochtitlan, r. 1486-1502	CODEX	Online Nahuatl Dictionary, 'ahuitzotl' https://nahuatl.wired-humanities.org/content/ahuitzotl; Codex Mendoza https://codicemendoza.inah.gob.mx	a water animal (water opossum?)	ahuitzotl	3		secure	PERSON
Motecuhzoma	Motecuhzoma (Moteuczoma)	Nahua (Mexica)	Classical Nahuatl	b	Motecuhzoma I (r. 1440-1469) and Motecuhzoma II (r. 1502-1520), rulers of Tenochtitlan	CODEX	Online Nahuatl Dictionary, 'motecuhzoma' https://nahuatl.wired-humanities.org/content/motecuhzoma; Codex Mendoza https://codicemendoza.inah.gob.mx	he frowns like a lord?	tēuc(tli) lord + zoma frown	3		provisional	PERSON
Nezahualcoyotl	Nezahualcoyotl (Neçahualcoyotzin)	Nahua (Texcoco)	Classical Nahuatl	b	Nezahualcoyotl, ruler and poet of Texcoco, 1402-1472	CHRONICLE	Online Nahuatl Dictionary, 'nezahualcoyotl' https://nahuatl.wired-humanities.org/content/nezahualcoyotl	fasting coyote?	neçahual(li) fast + coyōtl coyote	3		secure	PERSON
Ixtlilxochitl	Ixtlilxochitl	Nahua (Texcoco)	Classical Nahuatl	b	Ixtlilxochitl I, ruler of Texcoco 1409-1418, and Ixtlilxochitl II, installed 1520	CHRONICLE	Online Nahuatl Dictionary, 'ixtlilxochitl' https://nahuatl.wired-humanities.org/content/ixtlilxochitl	black-faced flower?	ix(tli) face + tlīl(li) black + xōchitl flower	3		provisional	PERSON
Xicotencatl	Xicotencatl	Nahua (Tlaxcala)	Classical Nahuatl	b	Xicotencatl the elder and the younger, rulers in Tizatlan, Tlaxcala, at the Spanish arrival, 1519	CHRONICLE	Online Nahuatl Dictionary, 'xicotencatl' https://nahuatl.wired-humanities.org/content/xicotencatl			3		secure	PERSON
Kan Bahlam	K'inich Kan B'ahlam II	Classic Maya (Palenque)	Classic Mayan	b	K'inich Kan Bahlam II, ruler of Palenque, 635-702	INSCRIPTION	Mesoweb, Table of Palenque Rulers https://www.mesoweb.com/palenque/resources/rulers/rulers_table.html	snake jaguar?	kan snake? + bahlam jaguar	3		provisional	PERSON
Kuk Bahlam	K'uk' B'ahlam I	Classic Maya (Palenque)	Classic Mayan	b	K'uk' Bahlam I, founder of the Palenque dynasty, b. 397	INSCRIPTION	Mesoweb, Table of Palenque Rulers https://www.mesoweb.com/palenque/resources/rulers/rulers_table.html	quetzal jaguar	k'uk' quetzal + bahlam jaguar	3		secure	PERSON
Itzamnaaj Bahlam	Itzamnaaj Bahlam III	Classic Maya (Yaxchilan)	Classic Mayan	b	Itzamnaaj Bahlam III (Shield Jaguar), ruler of Yaxchilan, r. 681-742	INSCRIPTION	https://en.wikipedia.org/wiki/Itzamnaaj_Bahlam_III (pointer)	Itzamnaaj (a god's name) jaguar	Itzamnaaj + bahlam jaguar	3		secure	PERSON
Yuknoom Cheen	Yuknoom Ch'een II	Classic Maya (Calakmul)	Classic Mayan	b	Yuknoom Ch'een II (Yuknoom the Great), ruler of Calakmul, acceded 636	INSCRIPTION	Mesoweb, Palenque dates https://www.mesoweb.com/palenque/resources/dates/dates_all.html			3		secure	PERSON
Eight Deer	8 Deer 'Jaguar Claw'	Mixtec (Ñuu Savi)	Mixtec	b	Lord 8 Deer Jaguar Claw of Tilantongo, 1063-1115	CODEX	Codex Zouche-Nuttall; pointer https://en.wikipedia.org/wiki/Eight_Deer_Jaguar_Claw	calendar name 8 Deer; epithet Jaguar Claw		3		secure	PERSON
Twelve Motion	12 Motion	Mixtec (Ñuu Savi)	Mixtec	b	Lord 12 Motion, half-brother of 8 Deer, 11th century	CODEX	Codex Zouche-Nuttall; pointer https://en.wikipedia.org/wiki/Eight_Deer_Jaguar_Claw	calendar name 12 Motion		3		provisional	PERSON
Cosijoeza	Cosijoeza (Guxi Chikoeza, Kosi'ioeza)	Zapotec (Benizáa)	Zapotec	b	Cosijoeza, king of Zaachila, acceded 1487	CHRONICLE	https://en.wikipedia.org/wiki/Cosijoeza (pointer)	storm of obsidian knives?	cosijo (lightning, also a god's name) + eza?	3		provisional	PERSON
Cosijopii	Cosijopii	Zapotec (Benizáa)	Zapotec	b	Cosijopii, son of Cosijoeza, lord of Tehuantepec, early 16th century	CHRONICLE	https://en.wikipedia.org/wiki/Cosijoeza (pointer)			3		provisional	PERSON
Tzitzipandacuare	Tzitzipandácuare	Purépecha	Purépecha	b	Tzitzipandácuare, cazonci of the Purépecha, later 15th century	CHRONICLE	Relación de Michoacán, c.1539-41 (El Escorial ms. C.IV.5)			3		secure	PERSON
