name	latin	sex	element	evidence	who	attest_count	source	meaning	ease	modern_note	confidence
Julia	Iulia	g	nomen	INSCRIPTION	Iulia Caecilia, epitaph, Pomaria (Tlemcen), 2nd–3rd c. CE	597	CIL VIII 9927 (EDH HD000879) https://edh.ub.uni-heidelberg.de/edh/inschrift/HD000879		1	Julia is the usual English spelling of Latin Iulia (Latin I served as both I and J).	high
Aurelia	Aurelia	g	nomen	INSCRIPTION	Aurelia Iulia, epitaph, Rome, 2nd–3rd c. CE	286	CIL VI 31846 (EDH HD000144) https://edh.ub.uni-heidelberg.de/edh/inschrift/HD000144		1		high
Valeria	Valeria	g	nomen	INSCRIPTION	Valeria Crassilla, epitaph, Viver, 1st–2nd c. CE	250	CIL II 4010 (EDH HD002335) https://edh.ub.uni-heidelberg.de/edh/inschrift/HD002335		1		high
Aelia	Aelia	g	nomen	INSCRIPTION	Aelia Firmis, epitaph, Urso (Osuna), 1st–2nd c. CE	239	CIL II²/5, 1042 (EDH HD000915) https://edh.ub.uni-heidelberg.de/edh/inschrift/HD000915		1		high
Claudia	Claudia	g	nomen	TABLET	Claudia Severa, who wrote a birthday invitation to Sulpicia Lepidina at Vindolanda, c. 100 CE	125	Tab. Vindol. 291 https://romaninscriptionsofbritain.org/inscriptions/TabVindol291 (Vindolanda Tablets Online http://vindolanda.csad.ox.ac.uk/)		1		high
Flavia	Flavia	g	nomen	INSCRIPTION	Flavia Pia, epitaph, Rome, 2nd c. CE	122	CIL VI 41299 (EDH HD009905) https://edh.ub.uni-heidelberg.de/edh/inschrift/HD009905	from flavus, golden yellow, blond	1		high
Maxima	Maxima	g	cognomen	INSCRIPTION	Metellia Maxima, epitaph, Castagnara, 2nd c. CE	120	CIL V 7350 (EDH HD001260) https://edh.ub.uni-heidelberg.de/edh/inschrift/HD001260	maximus, greatest	1		high
Cornelia	Cornelia	g	nomen	INSCRIPTION	Cornelia Severa, epitaph, Corduba (Córdoba), 1st c. BCE–2nd c. CE	102	CIL II²/7, 365 (EDH HD016501) https://edh.ub.uni-heidelberg.de/edh/inschrift/HD016501		1		high
Marcia	Marcia	g	nomen	INSCRIPTION	Marcia Celsa, epitaph, Corduba (Córdoba), 2nd c. CE	97	CIL II²/7, 490 (EDH HD028736) https://edh.ub.uni-heidelberg.de/edh/inschrift/HD028736		1		high
Antonia	Antonia	g	nomen	INSCRIPTION	Antonia Bonosa, epitaph, Colonia Ulpia Traiana Sarmizegetusa (Sarmizegetusa), 3rd c. CE	96	CIL III 1474 (EDH HD008368) https://edh.ub.uni-heidelberg.de/edh/inschrift/HD008368		1		high
Prima	Prima	g	cognomen	INSCRIPTION	Fulvia Prima, epitaph, Rome, 2nd c. CE	91	CIL VI 38393 (EDH HD001303) https://edh.ub.uni-heidelberg.de/edh/inschrift/HD001303	primus, first	1		high
Valentina	Valentina	g	cognomen	INSCRIPTION	Caerellia Valentina, epitaph, Astigi (Écija), 1st–2nd c. CE	89	CIL II²/5, 1242 (EDH HD000849) https://edh.ub.uni-heidelberg.de/edh/inschrift/HD000849	from valens, strong	1		high
Sabina	Sabina	g	cognomen	INSCRIPTION	Faesonia Sabina, epitaph, S. Miniato, 2nd c. CE	75	CIL XI 1734 (EDH HD000589) https://edh.ub.uni-heidelberg.de/edh/inschrift/HD000589	Sabine woman (Sabinus)	1		high
Junia	Iunia	g	nomen	INSCRIPTION	Iunia Secunda, epitaph, Vada Sabatia (Vado Ligure), 1st–2nd c. CE	67	CIL V 7778 (EDH HD002857) https://edh.ub.uni-heidelberg.de/edh/inschrift/HD002857		1	Junia is the usual English spelling of Latin Iunia (Latin I served as both I and J).	high
Vibia	Vibia	g	nomen	INSCRIPTION	Vibia Aurelia, epitaph, Regina (Berlanga), 2nd–3rd c. CE	65	CIL II²/7, 1012 (EDH HD000846) https://edh.ub.uni-heidelberg.de/edh/inschrift/HD000846		1		high
Cassia	Cassia	g	nomen	INSCRIPTION	Cassia Trophe, epitaph, Ticinum (Pavia), 1st–2nd c. CE	63	CIL V 6427 (EDH HD010724) https://edh.ub.uni-heidelberg.de/edh/inschrift/HD010724		1		high
Tertia	Tertia	g	cognomen	INSCRIPTION	Barbia Tertia, epitaph, Lauriacum (Enns), 1st–2nd c. CE	59	CIL III 5680 (EDH HD034881) https://edh.ub.uni-heidelberg.de/edh/inschrift/HD034881	tertius, third	1		high
Vera	Vera	g	cognomen	INSCRIPTION	Salvia Vera, epitaph, Savaria (Szentpéterfa), 1st c. CE	56	CIL III 4210 (EDH HD016477) https://edh.ub.uni-heidelberg.de/edh/inschrift/HD016477	verus, true	1		high
Octavia	Octavia	g	nomen	INSCRIPTION	Octavia Modesta, epitaph, Corduba (Córdoba), 1st c. CE	55	CIL II²/7, 341 (EDH HD028358) https://edh.ub.uni-heidelberg.de/edh/inschrift/HD028358	from octavus, eighth	1		high
Maria	Maria	g	nomen	INSCRIPTION	Maria Hellas, epitaph, Corduba (Córdoba), 2nd–3rd c. CE	54	CIL II²/7, 494 (EDH HD010983) https://edh.ub.uni-heidelberg.de/edh/inschrift/HD010983		1	The Roman Maria is the feminine of the family name Marius, not the Hebrew Miriam.	high
Marcellina	Marcellina	g	cognomen	INSCRIPTION	Tullia Marcellina, epitaph, Savaria (Szentpéterfa), 1st c. CE	52	CIL III 4210 (EDH HD016477) https://edh.ub.uni-heidelberg.de/edh/inschrift/HD016477		1		high
Domitia	Domitia	g	nomen	INSCRIPTION	Domitia Hygia, epitaph, Rome, 2nd c. CE	50	CIL VI 25737 (EDH HD005034) https://edh.ub.uni-heidelberg.de/edh/inschrift/HD005034		1		high
Quinta	Quinta	g	cognomen	INSCRIPTION	Valeria Quinta, epitaph, Corduba (Córdoba), 1st–2nd c. CE	48	CIL II²/7, 395 (EDH HD028460) https://edh.ub.uni-heidelberg.de/edh/inschrift/HD028460	quintus, fifth	1		high
Marcella	Marcella	g	cognomen	INSCRIPTION	Salonia Marcella, epitaph, Savaria (Szombathely), 2nd c. CE	45	CIL III 4196 (EDH HD040092) https://edh.ub.uni-heidelberg.de/edh/inschrift/HD040092		1		high
Prisca	Prisca	g	cognomen	INSCRIPTION	Calvisia Prisca, epitaph, Rome, 4th c. CE	42	CIL VI 41317 (EDH HD001694) https://edh.ub.uni-heidelberg.de/edh/inschrift/HD001694	priscus, of former times, ancient	1		high
Fabia	Fabia	g	nomen	INSCRIPTION	Fabia Marcellina, epitaph, Saguntum (Sagunto), 1st c. CE	40	CIL II²/14, 358 (EDH HD019422) https://edh.ub.uni-heidelberg.de/edh/inschrift/HD019422		1		high
Justina	Iustina	g	cognomen	INSCRIPTION	Aelia Iustina, epitaph, Ad Statuas (Várdomb), 2nd–3rd c. CE	38	CIL III 3301 (EDH HD037620) https://edh.ub.uni-heidelberg.de/edh/inschrift/HD037620	from iustus, just	1	Justina is the usual English spelling of Latin Iustina.	high
Victoria	Victoria	g	cognomen	INSCRIPTION	Tuticia Victoria, epitaph, Apulum (Alba Iulia), 2nd–3rd c. CE	38	CIL III 1246 (EDH HD038975) https://edh.ub.uni-heidelberg.de/edh/inschrift/HD038975	victoria, victory	1		high
Faustina	Faustina	g	cognomen	INSCRIPTION	Aurelia Faustina, epitaph, Remesiana (Bela Palanka), 2nd–3rd c. CE	34	CIL III 1689 (EDH HD035884) https://edh.ub.uni-heidelberg.de/edh/inschrift/HD035884	from faustus, fortunate, lucky	1		high
Ursula	Ursula	g	cognomen	INSCRIPTION	Iulia Ursula, epitaph, Aquincum (Székesfehérvár), 2nd–3rd c. CE	32	CIL III 3354 (EDH HD032122) https://edh.ub.uni-heidelberg.de/edh/inschrift/HD032122	little she-bear (ursa)	1		high
Lucilla	Lucilla	g	cognomen	INSCRIPTION	Iulia Lucilla, epitaph, Bremenium (High Rochester), 3rd–4th c. CE	29	CIL VII 1054 (EDH HD006672) https://edh.ub.uni-heidelberg.de/edh/inschrift/HD006672	diminutive of Lucia	1		high
Paulina	Paulina	g	cognomen	INSCRIPTION	Statia Paulina, epitaph, Risinium (Kotor), 2nd c. CE	29	CIL III 1733 (EDH HD053206) https://edh.ub.uni-heidelberg.de/edh/inschrift/HD053206	from paulus, small	1		high
Florentina	Florentina	g	cognomen	INSCRIPTION	Egnatia Florentina, epitaph, Corduba (Córdoba), 1st–2nd c. CE	27	CIL II²/7, 452 (EDH HD028637) https://edh.ub.uni-heidelberg.de/edh/inschrift/HD028637	from florens, flowering, flourishing	1		high
Paula	Paula	g	cognomen	INSCRIPTION	Lucretia Paula, epitaph, Astigi (Écija), 1st c. CE	27	CIL II²/5, 1229 (EDH HD000789) https://edh.ub.uni-heidelberg.de/edh/inschrift/HD000789	paulus, small	1		high
Fausta	Fausta	g	cognomen	INSCRIPTION	Offilliena Fausta, epitaph, Obulco (Porcuna), 1st c. BCE–1st c. CE	26	CIL II²/7, 115 (EDH HD027755) https://edh.ub.uni-heidelberg.de/edh/inschrift/HD027755	faustus, fortunate, lucky	1		high
Flora	Flora	g	cognomen	INSCRIPTION	Portumia Flora, epitaph, Brigetio (Komárom), 2nd c. CE	25	CIL III 11034 (EDH HD035820) https://edh.ub.uni-heidelberg.de/edh/inschrift/HD035820	Flora, goddess of flowers (flos, flower)	1		high
Lucia	Lucia	g	cognomen	INSCRIPTION	Barbia Lucia, epitaph, Lauriacum (Enns), 1st–2nd c. CE	22	CIL III 5680 (EDH HD034881) https://edh.ub.uni-heidelberg.de/edh/inschrift/HD034881		1		high
Donata	Donata	g	cognomen	INSCRIPTION	Billienia Donata, epitaph, Savaria (Szombathely), 2nd c. CE	21	CIL III 14066 (EDH HD040142) https://edh.ub.uni-heidelberg.de/edh/inschrift/HD040142	donatus, given, a gift	1		high
Juliana	Iuliana	g	cognomen	INSCRIPTION	Aurelia Iuliana, epitaph, Salonae (Solin), 4th c. CE	20	CIL III 2233 (EDH HD034749) https://edh.ub.uni-heidelberg.de/edh/inschrift/HD034749		1	Juliana is the usual English spelling of Latin Iuliana.	high
Priscilla	Priscilla	g	cognomen	INSCRIPTION	Claudia Priscilla, epitaph, Rome, 1st–2nd c. CE	20	CIL VI 19866 (EDH HD006856) https://edh.ub.uni-heidelberg.de/edh/inschrift/HD006856	diminutive of Prisca (priscus, ancient)	1		high
Tullia	Tullia	g	nomen	INSCRIPTION	Tullia Marcellina, epitaph, Savaria (Szentpéterfa), 1st c. CE	18	CIL III 4210 (EDH HD016477) https://edh.ub.uni-heidelberg.de/edh/inschrift/HD016477		1		high
Cara	Cara	g	cognomen	INSCRIPTION	Flavia Cara, epitaph, Aquincum (Budapest), 3rd–4th c. CE	16	CIL III 13382 (EDH HD019373) https://edh.ub.uni-heidelberg.de/edh/inschrift/HD019373	carus, dear, beloved	1		high
Laelia	Laelia	g	nomen	INSCRIPTION	Laelia Secundina, epitaph, Flavia Solva (Seggauberg), 2nd c. CE	15	CIL III 5365 (EDH HD037276) https://edh.ub.uni-heidelberg.de/edh/inschrift/HD037276		1		high
Marina	Marina	g	cognomen	INSCRIPTION	Flavia Marina, epitaph, Salonae (Split), 2nd–3rd c. CE	15	CIL III 2546 (EDH HD062662) https://edh.ub.uni-heidelberg.de/edh/inschrift/HD062662	marinus, of the sea	1		high
Pia	Pia	g	cognomen	INSCRIPTION	Flavia Pia, epitaph, Rome, 2nd c. CE	15	CIL VI 41299 (EDH HD009905) https://edh.ub.uni-heidelberg.de/edh/inschrift/HD009905	pius, dutiful, devout	1		high
Martina	Martina	g	cognomen	INSCRIPTION	Ulpia Martina, epitaph, Brigetio (Komárom), 2nd–3rd c. CE	14	CIL III 4336 (EDH HD039550) https://edh.ub.uni-heidelberg.de/edh/inschrift/HD039550		1		high
Livia	Livia	g	nomen	INSCRIPTION	Livia Foeba, epitaph, Colonia Augusta Aroe Patrae (Pátrai), 3rd c. CE	13	CIL III 514 (EDH HD056016) https://edh.ub.uni-heidelberg.de/edh/inschrift/HD056016		1		high
Augusta	Augusta	g	cognomen	INSCRIPTION	Aurelia Augusta, epitaph, Makreš, 2nd–3rd c. CE	12	AE 1938, 98 (EDH HD022158) https://edh.ub.uni-heidelberg.de/edh/inschrift/HD022158	augustus, venerable, majestic	1		high
Modesta	Modesta	g	cognomen	INSCRIPTION	Octavia Modesta, epitaph, Corduba (Córdoba), 1st c. CE	12	CIL II²/7, 341 (EDH HD028358) https://edh.ub.uni-heidelberg.de/edh/inschrift/HD028358	modestus, moderate, modest	1		high
Lucretia	Lucretia	g	nomen	INSCRIPTION	Lucretia Paula, epitaph, Astigi (Écija), 1st c. CE	11	CIL II²/5, 1229 (EDH HD000789) https://edh.ub.uni-heidelberg.de/edh/inschrift/HD000789		1	Also Lucretia of early Roman legend (Livy 1.57–59).	high
Serena	Serena	g	cognomen	INSCRIPTION	Aelia Serena, epitaph, Naissus (Niš), 2nd–3rd c. CE	11	CIL III 1682 (EDH HD035840) https://edh.ub.uni-heidelberg.de/edh/inschrift/HD035840	serenus, clear, calm, serene	1		high
Silvana	Silvana	g	cognomen	INSCRIPTION	Publilia Silvana, epitaph, Municipium Claudium Virunum (S. Veit/Glan), 1st–2nd c. CE	10	CIL III 4956 (EDH HD058616) https://edh.ub.uni-heidelberg.de/edh/inschrift/HD058616	from silva, wood, forest	1		high
Silvia	Silvia	g	cognomen	INSCRIPTION	Seccia Silvia, epitaph, Salonae (Klis), 3rd c. CE	10	A. Kurilić, in: D. Davison - V. Gaffney - E. Marin (Hrsg.), Dalmatia. Research in the Roman province 1970-2001. Papers in honour of J.J. Wilkes (Oxford 2006) 139, Nr. 27 (EDH HD053942) https://edh.ub.uni-heidelberg.de/edh/inschrift/HD053942	from silva, wood, forest	1		high
Lea	Lea	g	cognomen	INSCRIPTION	Attica Lea, epitaph, Mediolanum (Milano), 4th–5th c. CE	9	AE 1982, 409 (EDH HD002107) https://edh.ub.uni-heidelberg.de/edh/inschrift/HD002107	lea, a lioness	1		high
Regina	Regina	g	cognomen	INSCRIPTION	Crescentinia Regina, epitaph, Mogontiacum (Mainz), 2nd–3rd c. CE	8	CIL XIII 7061 (EDH HD056284) https://edh.ub.uni-heidelberg.de/edh/inschrift/HD056284	regina, queen	1		high
Amanda	Amanda	g	cognomen	INSCRIPTION	Iulia Amanda, epitaph, Flavia Solva (Deutschfeistritz), 2nd c. CE	7	CIL III 5453 (EDH HD038072) https://edh.ub.uni-heidelberg.de/edh/inschrift/HD038072	amanda, she who must be loved (amo)	1		high
Amata	Amata	g	cognomen	INSCRIPTION	Amata, epitaph, Risinium (Kotor), 1st–2nd c. CE	6	CIL III 1734 (EDH HD053207) https://edh.ub.uni-heidelberg.de/edh/inschrift/HD053207	amatus, beloved	1		high
Bella	Bella	g	cognomen	INSCRIPTION	Bella, epitaph, Municipium Celegerorum (Ivanjica, nördlich), 2nd c. CE	6	CIL III 14610 (EDH HD033771) https://edh.ub.uni-heidelberg.de/edh/inschrift/HD033771	bellus, pretty, charming	1		high
Gaia	Gaia	g	cognomen	INSCRIPTION	Ulpia Gaia, epitaph, Singidunum (Beograd, Stari Grad), 2nd–3rd c. CE	6	CIL III 1665 (EDH HD032409) https://edh.ub.uni-heidelberg.de/edh/inschrift/HD032409		1		high
Nigella	Nigella	g	cognomen	INSCRIPTION	Aurelia Nigella, epitaph, Barcino (Barcelona), 2nd c. CE	6	CIL II 4527 (EDH HD056792) https://edh.ub.uni-heidelberg.de/edh/inschrift/HD056792	diminutive of niger, black, dark	1		high
Albina	Albina	g	cognomen	INSCRIPTION	Caecilia Albina, epitaph, Velitrae (Velletri), 2nd–3rd c. CE	4	AE 1984, 163 (EDH HD001718) https://edh.ub.uni-heidelberg.de/edh/inschrift/HD001718	from albus, white	1		high
Clara	Clara	g	cognomen	INSCRIPTION	Oppia Clara, epitaph, Segusio (Susa), 2nd–3rd c. CE	4	CIL V 7305 (EDH HD065969) https://edh.ub.uni-heidelberg.de/edh/inschrift/HD065969	clarus, bright, clear, famous	1		high
Clementina	Clementina	g	cognomen	INSCRIPTION	Traiania Clementina, epitaph, Augusta Vindelicorum (Augsburg), 2nd–3rd c. CE	4	CIL III 5812 (EDH HD058543) https://edh.ub.uni-heidelberg.de/edh/inschrift/HD058543	from clemens, mild, merciful	1		high
Felicia	Felicia	g	cognomen	INSCRIPTION	Iulia Felicia, epitaph, Salonae (Solin), 2nd–3rd c. CE	4	CIL III 9173 (EDH HD055584) https://edh.ub.uni-heidelberg.de/edh/inschrift/HD055584	from felix, happy, lucky	1		high
Maia	Maia	g	nomen	INSCRIPTION	Maia Secunda, epitaph, Corduba (Córdoba), 1st c. CE	4	CIL II²/7, 485 (EDH HD004838) https://edh.ub.uni-heidelberg.de/edh/inschrift/HD004838		1		high
Alba	Alba	g	cognomen	INSCRIPTION	Alba, epitaph, Flavia Solva (Seggauberg), 1st–2nd c. CE	3	CIL III 5381 (EDH HD037914) https://edh.ub.uni-heidelberg.de/edh/inschrift/HD037914	albus, white	1		high
Lucina	Lucina	g	cognomen	INSCRIPTION	Aurelia Lucina, epitaph, Castra Regina (Regensburg), 3rd c. CE	3	CIL III 11968 (EDH HD060165) https://edh.ub.uni-heidelberg.de/edh/inschrift/HD060165		1		high
Hortensia	Hortensia	g	cognomen	INSCRIPTION	Cocceia Hortensia, epitaph, Tomi (Constanţa), 2nd–3rd c. CE	2	AE 1988, 1003 (EDH HD009491) https://edh.ub.uni-heidelberg.de/edh/inschrift/HD009491		1		high
Renata	Renata	g	cognomen	INSCRIPTION	Ulpia Renata, epitaph, Apulum (Alba Iulia), 3rd c. CE	2	CIL III 1251 (EDH HD038995) https://edh.ub.uni-heidelberg.de/edh/inschrift/HD038995	renatus, born again	1		high
Antonina	Antonina	g	cognomen	INSCRIPTION	Antistia Antonina, epitaph, Troesmis (Turcoaia), 2nd c. CE	1	CIL III 6207 (EDH HD043202) https://edh.ub.uni-heidelberg.de/edh/inschrift/HD043202		1		high
Camilla	Camilla	g	cognomen	INSCRIPTION	Dumpia Camilla, epitaph, Brigetio (Komárom), 3rd c. CE	1	AE 1965, 6 (EDH HD017254) https://edh.ub.uni-heidelberg.de/edh/inschrift/HD017254	camilla, a girl who served at sacrifices	1	Also the warrior Camilla of the Aeneid (7.803), a legendary figure.	high
Luna	Luna	g	cognomen	INSCRIPTION	Luna, mother of Constantius Maximus, epitaph, Noviomagus (Speyer), 2nd c. CE	1	CIL XIII 6107 (EDH HD075671) https://edh.ub.uni-heidelberg.de/edh/inschrift/HD075671	luna, the moon	1		high
Oliva	Oliva	g	cognomen	INSCRIPTION	Pompeia Oliva, who lived 60 years, epitaph, Celtianis (Kherba, Algeria), 2nd c. CE	1	ILAlg II 3138 (EDH HD041369) https://edh.ub.uni-heidelberg.de/edh/inschrift/HD041369	oliva, the olive	1		high
Beata	Beata	g	cognomen	INSCRIPTION	Gabinia Beata, wife of Aulus Gabinius Datus, honoured by her grandson, Thugga (Dougga, Tunisia)		AE 1924, 29 = ILTun 1511 (EDH HD026257) https://edh.ub.uni-heidelberg.de/edh/inschrift/HD026257	beatus, happy, blessed	1		high
Drusilla	Drusilla	g	cognomen	LITERARY-PERSON	Julia Drusilla, sister of the emperor Gaius (Caligula), 16–38 CE	0	Suetonius, Caligula 24 http://www.perseus.tufts.edu/hopper/text?doc=Perseus:text:1999.02.0061:life=cal.:chapter=24; also CIL XII 1026 https://edh.ub.uni-heidelberg.de/edh/inschrift/HD048998	diminutive of Drusus	1	Also Livia Drusilla, wife of Augustus. No ordinary Drusilla found in EDH.	high
Lavinia	Lavinia	g	cognomen	INSCRIPTION	Gabinia Lavinia, who set up her husband's epitaph, Volubilis (Morocco)		AE 1987, 1116 (EDH HD013247) https://edh.ub.uni-heidelberg.de/edh/inschrift/HD013247		1	The final letter of Lavini[a] is restored on the stone. Also Lavinia, wife of Aeneas in the Aeneid (7.72), a legendary figure.	medium
Viola	Viola	g	cognomen	INSCRIPTION	Viola, who set up the epitaph of her partner Tyrannus, cook of Tiberius Claudius Germanicus, Rome, early 1st c. CE		AE 1921, 70 (EDH HD027742) https://edh.ub.uni-heidelberg.de/edh/inschrift/HD027742; also AE 1975, 933 (HD007348)	viola, the violet	1	EDH has not tagged the people on this stone; her sex is read from the -a name of a dedicator to her contubernalis (partner).	medium
Aurora	Aurora	e	cognomen	INSCRIPTION	Aurora, Christian epitaph, Augusta Treverorum (Trier), 4th c. CE; and Valerius Aurora, freedman, Rome, 3rd c. CE	2	RICG I 9 (EDH HD076807) https://edh.ub.uni-heidelberg.de/edh/inschrift/HD076807; AE 1975, 76 (EDH HD006766) https://edh.ub.uni-heidelberg.de/edh/inschrift/HD006766	aurora, the dawn	1	Borne by one woman and one man in EDH.	high
Gaius	Gaius	b	praenomen	INSCRIPTION	Gaius Geminius Rufus, epitaph, Vicus Haterianus (Aïn-Naja), 1st c. CE	3774	CIL VIII 23122. (EDH HD000427) https://edh.ub.uni-heidelberg.de/edh/inschrift/HD000427		1		high
Lucius	Lucius	b	praenomen	INSCRIPTION	Lucius Pullaienus Papias, epitaph, Aradi (Bou Arada), 2nd c. CE	3120	CIL VIII 23869 (EDH HD000376) https://edh.ub.uni-heidelberg.de/edh/inschrift/HD000376		1		high
Marcus	Marcus	b	praenomen	INSCRIPTION	Marcus Aelius Aelianus, epitaph, Sabora (Cañete la Real), 1st–2nd c. CE	3041	CIL II²/5, 878 (EDH HD000127) https://edh.ub.uni-heidelberg.de/edh/inschrift/HD000127		1		high
Titus	Titus	b	praenomen	INSCRIPTION	Titus Romanius Hermeros, epitaph, Rome, 2nd c. CE	1475	CIL VI 38823a (EDH HD001282) https://edh.ub.uni-heidelberg.de/edh/inschrift/HD001282		1		high
Quintus	Quintus	b	praenomen	INSCRIPTION	Quintus Betuvius Felix, epitaph, Brundisium (Brindisi), 2nd c. CE	1404	CIL IX 40 (EDH HD000625) https://edh.ub.uni-heidelberg.de/edh/inschrift/HD000625	quintus, fifth	1		high
Julius	Iulius	b	nomen	INSCRIPTION	Gaius Iulius Martialis, epitaph, Rome, 2nd–3rd c. CE	1117	CIL VI 1615 (EDH HD000583) https://edh.ub.uni-heidelberg.de/edh/inschrift/HD000583		1	Julius is the usual English spelling of Latin Iulius.	high
Tiberius	Tiberius	b	praenomen	INSCRIPTION	Tiberius Claudius, epitaph, Rome, 1st c. CE	467	CIL VI 15573 (EDH HD006408) https://edh.ub.uni-heidelberg.de/edh/inschrift/HD006408		1		high
Aurelius	Aurelius	b	nomen	INSCRIPTION	Marcus Aurelius Bitus, epitaph, Minturnae (Minturno), 2nd c. CE	455	CIL X 6024 (EDH HD001772) https://edh.ub.uni-heidelberg.de/edh/inschrift/HD001772		1		high
Maximus	Maximus	b	cognomen	INSCRIPTION	Verginius Maximus, epitaph, Comum (Como), 1st–2nd c. CE	427	CIL V 5306 (EDH HD001568) https://edh.ub.uni-heidelberg.de/edh/inschrift/HD001568	maximus, greatest	1		high
Sextus	Sextus	b	praenomen	INSCRIPTION	Sextus Titius Primus, epitaph, Suasa (Castelleone di Suasa), 1st c. CE	401	CIL XI 6176 (EDH HD003368) https://edh.ub.uni-heidelberg.de/edh/inschrift/HD003368	sextus, sixth	1		high
Victor	Victor	b	cognomen	INSCRIPTION	Aelius Victor, epitaph, Salonae (Kaštela), 2nd–3rd c. CE	338	CIL III 14249, 2 (EDH HD013835) https://edh.ub.uni-heidelberg.de/edh/inschrift/HD013835	victor, conqueror	1		high
Felix	Felix	b	cognomen	INSCRIPTION	Quintus Betuvius Felix, epitaph, Brundisium (Brindisi), 2nd c. CE	311	CIL IX 40 (EDH HD000625) https://edh.ub.uni-heidelberg.de/edh/inschrift/HD000625	felix, happy, lucky	1		high
Rufus	Rufus	b	cognomen	INSCRIPTION	Gaius Geminius Rufus, epitaph, Vicus Haterianus (Aïn-Naja), 1st c. CE	307	CIL VIII 23122. (EDH HD000427) https://edh.ub.uni-heidelberg.de/edh/inschrift/HD000427	rufus, red, red-haired	1		high
Severus	Severus	b	cognomen	INSCRIPTION	Gaius Sempronius Severus, epitaph, Mellaria (Fuente Obejuna), 1st c. CE	288	CIL II²/7, 802 (EDH HD000924) https://edh.ub.uni-heidelberg.de/edh/inschrift/HD000924	severus, strict, serious	1		high
Flavius	Flavius	b	nomen	TABLET	Flavius Cerialis, prefect of the Ninth Batavian cohort at Vindolanda, c. 100 CE	273	Tab. Vindol. 225 https://romaninscriptionsofbritain.org/inscriptions/TabVindol225 (Vindolanda Tablets Online http://vindolanda.csad.ox.ac.uk/)	from flavus, golden yellow, blond	1		high
Cornelius	Cornelius	b	nomen	INSCRIPTION	Cornelius Agathopus, epitaph, Thermae Himeraeae (Termini Imerese), 4th c. CE	244	CIL X 1084* (EDH HD001933) https://edh.ub.uni-heidelberg.de/edh/inschrift/HD001933		1		high
Cassius	Cassius	b	nomen	INSCRIPTION	Lucius Cassius Labeo, epitaph, Ticinum (Pavia), 1st–2nd c. CE	240	CIL V 6427 (EDH HD010724) https://edh.ub.uni-heidelberg.de/edh/inschrift/HD010724		1		high
Claudius	Claudius	b	nomen	INSCRIPTION	Tiberius Claudius, epitaph, Rome, 1st c. CE	218	CIL VI 15573 (EDH HD006408) https://edh.ub.uni-heidelberg.de/edh/inschrift/HD006408		1		high
Justus	Iustus	b	cognomen	INSCRIPTION	Metilius Iustus, epitaph, Carnuntum (Petronell-Carnuntum), 1st–2nd c. CE	165	CIL III 11219 (EDH HD004576) https://edh.ub.uni-heidelberg.de/edh/inschrift/HD004576	iustus, just	1	Justus is the usual English spelling of Latin Iustus.	high
Junius	Iunius	b	nomen	INSCRIPTION	Quintus Iunius Optatus, epitaph, Vada Sabatia (Vado Ligure), 1st–2nd c. CE	140	CIL V 7778 (EDH HD002857) https://edh.ub.uni-heidelberg.de/edh/inschrift/HD002857		1	Junius is the usual English spelling of Latin Iunius.	high
Marius	Marius	b	nomen	INSCRIPTION	Marius Drosus, epitaph, Emerita Augusta (Mérida), 2nd c. CE	123	CIL II 577 (EDH HD000398) https://edh.ub.uni-heidelberg.de/edh/inschrift/HD000398		1		high
Octavius	Octavius	b	nomen	INSCRIPTION	Gaius Octavius Nepos, epitaph, Colonia Ulpia Traiana Sarmizegetusa (Densuş), 2nd c. CE	105	CIL III 1539 (EDH HD021313) https://edh.ub.uni-heidelberg.de/edh/inschrift/HD021313	from octavus, eighth	1		high
Decimus	Decimus	b	praenomen	INSCRIPTION	Decimus Iulius Auctus, epitaph, Vesontio (Civitas Sequanorum) (Besançon), 3rd c. CE	99	CIL XIII 5384 (EDH HD002131) https://edh.ub.uni-heidelberg.de/edh/inschrift/HD002131	decimus, tenth	1		high
Faustus	Faustus	b	cognomen	INSCRIPTION	Lucius Nonius Faustus, epitaph, Astigi (Écija), 1st c. CE	95	CIL II²/5, 1234 (EDH HD000798) https://edh.ub.uni-heidelberg.de/edh/inschrift/HD000798	faustus, fortunate, lucky	1		high
Magnus	Magnus	b	cognomen	INSCRIPTION	Lucius Antonius Magnus, epitaph, Carnuntum (Petronell-Carnuntum), 1st c. CE	58	CIL III 14358, 13 a (EDH HD028537) https://edh.ub.uni-heidelberg.de/edh/inschrift/HD028537	magnus, great	1		high
Atticus	Atticus	b	cognomen	INSCRIPTION	Gaius Donnius Atticus, epitaph, Flavia Solva (Kaindorf/Hartberg), 2nd c. CE	57	CIL III 5337 (EDH HD038650) https://edh.ub.uni-heidelberg.de/edh/inschrift/HD038650	Atticus, Athenian, Attic	1		high
Dexter	Dexter	b	cognomen	INSCRIPTION	Gaius Rhesius Dexter, epitaph, Teurnia (Reißeck), 1st–2nd c. CE	43	CIL III 4727 (EDH HD056942) https://edh.ub.uni-heidelberg.de/edh/inschrift/HD056942	dexter, on the right; skilful	1		high
Seneca	Seneca	b	cognomen	INSCRIPTION	Lucius Antonius Seneca, epitaph, Municipium Montanensium (Montana (Mihajlovgrad)), 2nd–3rd c. CE	38	CIL III 7451 (EDH HD006283) https://edh.ub.uni-heidelberg.de/edh/inschrift/HD006283		1		high
Leo	Leo	b	cognomen	INSCRIPTION	Aurelius Leo, epitaph, Savaria (Szombathely), 4th c. CE	33	CIL III 4218 (EDH HD040193) https://edh.ub.uni-heidelberg.de/edh/inschrift/HD040193	leo, lion	1		high
Silvester	Silvester	b	cognomen	INSCRIPTION	Privatius Silvester, epitaph, Lauriacum (Enns), 2nd c. CE	22	CIL III 5684 (EDH HD035324) https://edh.ub.uni-heidelberg.de/edh/inschrift/HD035324	silvester, of the woods	1	Also spelled Sylvester in English.	high
Varro	Varro	b	cognomen	INSCRIPTION	Publius Aelius Varro, epitaph, Delminium (Tomislavgrad), 2nd c. CE	19	CIL III 14976, 7 (EDH HD032787) https://edh.ub.uni-heidelberg.de/edh/inschrift/HD032787		1		high
Cato	Cato	b	cognomen	INSCRIPTION	Publius Calvisius Cato, epitaph, Cemenelum (Nice), 1st c. CE	8	AE 1964, 248 (EDH HD003388) https://edh.ub.uni-heidelberg.de/edh/inschrift/HD003388	catus, shrewd, wise	1		high
Rosa	Rosa	b	cognomen	INSCRIPTION	Marcus M(---) Rosa, dedication to the household gods, Formello (Latium)		AE 1978, 64 (EDH HD012999) https://edh.ub.uni-heidelberg.de/edh/inschrift/HD012999	rosa, a rose	1	On the evidence a man's cognomen; no woman named Rosa found in EDH.	medium
Stella	Stella	b	cognomen	INSCRIPTION	Lucius Arruntius Stella, named as a slave-owner on an epitaph, Emerita Augusta (Mérida)		AE 1993, 913 (EDH HD052617) https://edh.ub.uni-heidelberg.de/edh/inschrift/HD052617	stella, a star	1	On the evidence a man's cognomen (also the poet-consul L. Arruntius Stella, praised by Martial and Statius). No woman named Stella found.	high
Emilia	Aemilia	g	nomen	INSCRIPTION	Aemilia Crispina, epitaph, Edeta sive Liria (Benaguasil), 1st–2nd c. CE	43	CIL II²/14, 186 (EDH HD004865) https://edh.ub.uni-heidelberg.de/edh/inschrift/HD004865		2	Emilia is the Italian, Spanish and English descendant of Aemilia.	high
Cecilia	Caecilia	g	nomen	INSCRIPTION	Caecilia Eleutheris, epitaph, Rome, 1st c. BCE–1st c. CE	38	CIL VI 37380 (EDH HD001835) https://edh.ub.uni-heidelberg.de/edh/inschrift/HD001835		2	Cecilia is the English and Italian descendant of Caecilia.	high
Portia	Porcia	g	nomen	INSCRIPTION	Porcia Melete, epitaph, Saguntum (Sagunto), 1st–2nd c. CE	25	CIL II²/14, 337 (EDH HD025118) https://edh.ub.uni-heidelberg.de/edh/inschrift/HD025118		2	Portia is the English spelling of Porcia, fixed by Shakespeare's Julius Caesar and The Merchant of Venice.	high
Felicity	Felicitas	g	cognomen	INSCRIPTION	Aelia Felicitas, epitaph, Rome, 3rd c. CE	22	CIL VI 10893 (EDH HD006495) https://edh.ub.uni-heidelberg.de/edh/inschrift/HD006495	felicitas, happiness, good fortune	2	Felicity is the English descendant of Felicitas (through Old French felicité).	high
Celia	Caelia	g	nomen	INSCRIPTION	Caelia Ritulla, epitaph, Voitsberg, 2nd c. CE	8	CIL III 11739 (EDH HD038909) https://edh.ub.uni-heidelberg.de/edh/inschrift/HD038909		2	Celia is the English, Spanish and Italian descendant of Caelia.	high
Florence	Florentia	g	cognomen	INSCRIPTION	Florentia Domitilla, epitaph, Rome, 2nd c. CE	7	CIL VI 41112 (EDH HD030505) https://edh.ub.uni-heidelberg.de/edh/inschrift/HD030505	from florens, flowering	2	Florence is the English and French descendant of Florentia.	high
Constance	Constantia	g	cognomen	INSCRIPTION	Constantia, epitaph, Rome, 3rd–4th c. CE	2	AE 1986, 37 (EDH HD006907) https://edh.ub.uni-heidelberg.de/edh/inschrift/HD006907	constantia, steadfastness	2	Constance is the English and French descendant of Constantia.	high
Anton	Antonius	b	nomen	INSCRIPTION	Publius Antonius Viator, epitaph, Colonia Ulpia Traiana Sarmizegetusa (Sarmizegetusa), 3rd c. CE	223	CIL III 1474 (EDH HD008368) https://edh.ub.uni-heidelberg.de/edh/inschrift/HD008368		2	Anton is the German, Dutch and Slavic descendant of Antonius (English Anthony).	high
Julian	Iulianus	b	cognomen	INSCRIPTION	Tettius Iulianus, epitaph, Theveste (Tibissa), 1st c. CE	193	CIL VIII 27854 (EDH HD019766) https://edh.ub.uni-heidelberg.de/edh/inschrift/HD019766		2	Julian is the English descendant of Iulianus.	high
Emil	Aemilius	b	nomen	INSCRIPTION	Lucius Aemilius Silanus, epitaph, Segorbe (Sogorb), 1st c. CE	188	CIL II²/14, 277 (EDH HD004418) https://edh.ub.uni-heidelberg.de/edh/inschrift/HD004418		2	Emil is the German and Scandinavian descendant of Aemilius.	high
Valentine	Valentinus	b	cognomen	INSCRIPTION	Murrecius Valentinus, epitaph, Salonae (Solin), 2nd–3rd c. CE	135	CIL III 2437 (EDH HD007927) https://edh.ub.uni-heidelberg.de/edh/inschrift/HD007927	from valens, strong	2	Valentine is the English descendant of Valentinus.	high
Clement	Clemens	b	cognomen	INSCRIPTION	Cocceius Clemens, epitaph, Capidava (Topalu), 2nd–3rd c. CE	117	CIL III 13737 (EDH HD042025) https://edh.ub.uni-heidelberg.de/edh/inschrift/HD042025	clemens, mild, merciful	2	Clement is the English and French descendant of Clemens.	high
Marcel	Marcellus	b	cognomen	INSCRIPTION	Marcus Annius Marcellus, epitaph, Mogontiacum (Mainz), 1st c. BCE–1st c. CE	114	CIL XIII 11857 (EDH HD030030) https://edh.ub.uni-heidelberg.de/edh/inschrift/HD030030	diminutive of Marcus	2	Marcel is the French descendant of Marcellus (Italian Marcello).	high
Silvan	Silvanus	b	cognomen	INSCRIPTION	Rufinius Silvanus, epitaph, Regina (Berlanga), 2nd–3rd c. CE	100	CIL II²/7, 1012 (EDH HD000846) https://edh.ub.uni-heidelberg.de/edh/inschrift/HD000846	Silvanus, god of the woods (silva)	2	Silvan is the modern descendant of Silvanus (Italian Silvano, French Silvain).	high
Valerian	Valerianus	b	cognomen	INSCRIPTION	Marcus Aemilius Valerianus, epitaph, Segorbe, 1st c. CE	99	CIL II²/14, 276 (EDH HD004421) https://edh.ub.uni-heidelberg.de/edh/inschrift/HD004421		2	Valerian is the English descendant of Valerianus.	high
Justin	Iustinus	b	cognomen	INSCRIPTION	Aurelius Iustinus, epitaph, Rome, 2nd–3rd c. CE	69	CIL VI 3454 (EDH HD004548) https://edh.ub.uni-heidelberg.de/edh/inschrift/HD004548	from iustus, just	2	Justin is the English and French descendant of Iustinus.	high
Roman	Romanus	b	cognomen	INSCRIPTION	Retonius Romanus, epitaph, Brigetio (Komárom), 2nd–3rd c. CE	65	CIL III 11031 (EDH HD039534) https://edh.ub.uni-heidelberg.de/edh/inschrift/HD039534	Romanus, Roman	2	Roman is the Slavic, German and French descendant of Romanus.	high
Martin	Martinus	b	cognomen	INSCRIPTION	Aelius Martinus, epitaph, Mogontiacum (Mainz), 3rd c. CE	61	CIL XIII 11834 (EDH HD020918) https://edh.ub.uni-heidelberg.de/edh/inschrift/HD020918		2	Martin is the English, French and German descendant of Martinus.	high
Marin	Marinus	b	cognomen	INSCRIPTION	Gaius Cassius Marinus, epitaph, Carnuntum (Petronell-Carnuntum), 1st–2nd c. CE	56	CIL III 14358, 15 (EDH HD028516) https://edh.ub.uni-heidelberg.de/edh/inschrift/HD028516	marinus, of the sea	2	Marin is the French, Romanian and Croatian descendant of Marinus.	high
Severin	Severinus	b	cognomen	INSCRIPTION	Servandius Severinus, epitaph, Mogontiacum (Mainz), 2nd–3rd c. CE	51	CIL XIII 7077 (EDH HD023267) https://edh.ub.uni-heidelberg.de/edh/inschrift/HD023267		2	Severin is the German and Scandinavian descendant of Severinus.	high
Crispin	Crispinus	b	cognomen	INSCRIPTION	Aulus Salvius Crispinus, epitaph, Ferentium (Ferento), 1st c. BCE–1st c. CE	49	CIL I²/2, 2634 (EDH HD004697) https://edh.ub.uni-heidelberg.de/edh/inschrift/HD004697		2	Crispin is the English descendant of Crispinus.	high
Urban	Urbanus	b	cognomen	INSCRIPTION	Lucius Varronius Urbanus, epitaph, Scupi (Skopje, Butel), 1st–2nd c. CE	49	CIL III 8221 (EDH HD036188) https://edh.ub.uni-heidelberg.de/edh/inschrift/HD036188	urbanus, of the city; refined	2	Urban is the English descendant of Urbanus.	high
Alban	Albanus	b	cognomen	INSCRIPTION	Lucius Aemilius Albanus, epitaph, Aquae (Civitas Aurelia Aquensis) (Baden-Baden), 1st c. CE	47	CIL XIII 6304 (EDH HD036765) https://edh.ub.uni-heidelberg.de/edh/inschrift/HD036765		2	Alban is the English descendant of Albanus.	high
Ignatius	Egnatius	b	nomen	INSCRIPTION	Gaius Egnatius Valens, epitaph, Troesmis (Turcoaia), 2nd c. CE	45	CIL III 6188 (EDH HD043209) https://edh.ub.uni-heidelberg.de/edh/inschrift/HD043209		2	Ignatius is the later spelling of the Roman family name Egnatius.	high
Cassian	Cassianus	b	cognomen	INSCRIPTION	Lucius Antonius Cassianus, epitaph, Municipium Montanensium (Montana (Mihajlovgrad)), 2nd–3rd c. CE	34	CIL III 7451 (EDH HD006283) https://edh.ub.uni-heidelberg.de/edh/inschrift/HD006283		2	Cassian is the English descendant of Cassianus.	high
Paul	Paulus	b	cognomen	INSCRIPTION	Publius Pomponius Paulus, epitaph, Salonae (Split), 1st–2nd c. CE	34	CIL III 2476 (EDH HD030966) https://edh.ub.uni-heidelberg.de/edh/inschrift/HD030966	paulus, small	2	Paul is the English descendant of Paulus.	high
Lucan	Lucanus	b	cognomen	INSCRIPTION	Marcus Sulpicius Lucanus, epitaph, Saguntum (L'Alcora (Alcora)), 1st c. CE	33	CIL II²/14, 756 (EDH HD004424) https://edh.ub.uni-heidelberg.de/edh/inschrift/HD004424	Lucanus, Lucanian	2	Lucan is the English form of Lucanus.	high
Lucian	Lucianus	b	cognomen	INSCRIPTION	Aurelius Lucianus, epitaph, Kragujevac, 2nd c. CE	29	CIL III 6322 (EDH HD035643) https://edh.ub.uni-heidelberg.de/edh/inschrift/HD035643		2	Lucian is the English descendant of Lucianus.	high
Sergio	Sergius	b	nomen	INSCRIPTION	Lucius Sergius, epitaph, Mogontiacum (Mainz), 1st c. CE	21	CIL XIII 6971 (EDH HD001201) https://edh.ub.uni-heidelberg.de/edh/inschrift/HD001201		2	Sergio is the Italian and Spanish descendant of Sergius (Russian Sergei).	high
Fabian	Fabianus	b	cognomen	INSCRIPTION	Fabius Fabianus, epitaph, Salonae (Solin), 1st–2nd c. CE	20	CIL III 8740 (EDH HD062534) https://edh.ub.uni-heidelberg.de/edh/inschrift/HD062534		2	Fabian is the English and German descendant of Fabianus.	high
Florian	Florianus	b	cognomen	INSCRIPTION	Aurelius Florianus, epitaph, Aquincum (Székesfehérvár), 3rd c. CE	19	CIL III 3350 (EDH HD032119) https://edh.ub.uni-heidelberg.de/edh/inschrift/HD032119		2	Florian is the German and French descendant of Florianus.	high
August	Augustus	b	cognomen	INSCRIPTION	Novianius Augustus, epitaph, Mogontiacum (Mainz), 2nd c. CE	18	CIL XIII 11862 (EDH HD027459) https://edh.ub.uni-heidelberg.de/edh/inschrift/HD027459	augustus, venerable, majestic	2	August is the German and Scandinavian descendant of Augustus. The cognomen is also the title of the emperors; this bearer is an ordinary man.	high
Quentin	Quintinus	b	cognomen	INSCRIPTION	Primanius Quintinus, epitaph, Brigetio (Komárom), 2nd–3rd c. CE	14	CIL III 11055 (EDH HD039488) https://edh.ub.uni-heidelberg.de/edh/inschrift/HD039488	from quintus, fifth	2	Quentin is the French and English descendant of Quintinus.	high
Vincent	Vincentius	b	cognomen	INSCRIPTION	Marcus Aurelius Vincentius, epitaph, Intercisa (Dunaújváros), 2nd–3rd c. CE	10	AE 1910, 137 (EDH HD029856) https://edh.ub.uni-heidelberg.de/edh/inschrift/HD029856	from vincens, conquering	2	Vincent is the English and French descendant of Vincentius.	high
Augustine	Augustinus	b	cognomen	INSCRIPTION	Lucius Servilius Augustinus, epitaph, Astigi (Écija), 1st c. CE	9	CILA 2, 1239 (EDH HD032057) https://edh.ub.uni-heidelberg.de/edh/inschrift/HD032057		2	Augustine is the English descendant of Augustinus.	high
Constantine	Constantinus	b	cognomen	INSCRIPTION	Septimius Constantinus, epitaph, Aquincum (Vereb), 3rd–4th c. CE	9	CIL III 3363 (EDH HD031903) https://edh.ub.uni-heidelberg.de/edh/inschrift/HD031903		2	Constantine is the English descendant of Constantinus.	high
Laurence	Laurentius	b	cognomen	INSCRIPTION	Aurelius Laurentius, epitaph, Arrabona (Győr), 2nd–3rd c. CE	8	CIL III 4383 (EDH HD040537) https://edh.ub.uni-heidelberg.de/edh/inschrift/HD040537	of Laurentum	2	Laurence (Lawrence) is the English descendant of Laurentius.	high
Virgil	Vergilius	b	nomen	INSCRIPTION	Decimus Vergilius Amarantus, epitaph, Corduba (Córdoba), 1st c. BCE–1st c. CE	7	CIL II²/7, 287 (EDH HD028229) https://edh.ub.uni-heidelberg.de/edh/inschrift/HD028229		2	Virgil is the English descendant of Vergilius.	high
Horace	Horatius	b	nomen	INSCRIPTION	Marcus Horatius Vitalio, epitaph, Edeta sive Liria (Llíria / Liria), 1st–2nd c. CE	5	CIL II²/14, 161 (EDH HD024524) https://edh.ub.uni-heidelberg.de/edh/inschrift/HD024524		2	Horace is the English descendant of Horatius (Italian Orazio, also Horatio).	high
Hilary	Hilarius	b	cognomen	INSCRIPTION	Hilarius, honorific inscription, Epidaurum (Konavle), 1st–2nd c. CE	2	CIL III 1756 (EDH HD053360) https://edh.ub.uni-heidelberg.de/edh/inschrift/HD053360	from hilaris, cheerful	2	Hilary is the English descendant of Hilarius.	high
Maximilian	Maximilianus	b	cognomen	INSCRIPTION	Attius Caecilius Maximilianus, honorific inscription, Rome	2	CIL VI 41332 (EDH HD006186) https://edh.ub.uni-heidelberg.de/edh/inschrift/HD006186		2	Maximilian is the German and English descendant of Maximilianus.	high
Hadrian	Hadrianus	b	cognomen	LITERARY-PERSON	Publius Aelius Hadrianus, emperor 117–138 CE	0	Historia Augusta, Life of Hadrian https://penelope.uchicago.edu/Thayer/E/Roman/Texts/Historia_Augusta/Hadrian/1*.html	of Hadria (the town)	2	Hadrian is the English form of Hadrianus (and the source of Adrian). Hadrian is the English form of Hadrianus (and the source of Adrian). In EDH every Hadrianus is the emperor.	high
Secunda	Secunda	g	cognomen	INSCRIPTION	Grania Secunda, epitaph, Minturnae (Minturno), 2nd c. CE	150	CIL X 6024 (EDH HD001772) https://edh.ub.uni-heidelberg.de/edh/inschrift/HD001772	secundus, second; favourable	3		high
Secundina	Secundina	g	cognomen	INSCRIPTION	Arruntia Secundina, epitaph, Asseria, 1st c. CE	94	CIL V 2200 (EDH HD002026) https://edh.ub.uni-heidelberg.de/edh/inschrift/HD002026		3		high
Ingenua	Ingenua	g	cognomen	INSCRIPTION	Larsinia Ingenua, epitaph, Singidunum (Beograd, Stari Grad), 2nd c. CE	82	CIL III 12663 (EDH HD035446) https://edh.ub.uni-heidelberg.de/edh/inschrift/HD035446	ingenuus, free-born	3		high
Severa	Severa	g	cognomen	INSCRIPTION	Magia Severa, epitaph, Rome, 2nd c. CE	78	CIL VI 41299 (EDH HD009905) https://edh.ub.uni-heidelberg.de/edh/inschrift/HD009905	severus, strict, serious	3		high
Saturnina	Saturnina	g	cognomen	INSCRIPTION	Claudia Saturnina, epitaph, Corduba (Córdoba), 2nd c. CE	71	CIL II²/7, 325 (EDH HD004835) https://edh.ub.uni-heidelberg.de/edh/inschrift/HD004835		3		high
Procula	Procula	g	cognomen	INSCRIPTION	Lollidia Procula, epitaph, Corduba (Córdoba), 1st c. CE	66	CIL II²/7, 340 (EDH HD028355) https://edh.ub.uni-heidelberg.de/edh/inschrift/HD028355		3		high
Fortunata	Fortunata	g	cognomen	INSCRIPTION	Mutilia Fortunata, epitaph, Teurnia (Tarvisio), 2nd–3rd c. CE	62	CIL III 4714 (EDH HD026913) https://edh.ub.uni-heidelberg.de/edh/inschrift/HD026913	fortunatus, fortunate	3		high
Tertulla	Tertulla	g	cognomen	INSCRIPTION	Calpurnia Tertulla, epitaph, Corduba (Córdoba), 1st c. CE	51	CIL II²/7, 379 (EDH HD003721) https://edh.ub.uni-heidelberg.de/edh/inschrift/HD003721		3		high
Ianuaria	Ianuaria	g	cognomen	INSCRIPTION	Aurelia Ianuaria, epitaph, Császár, 3rd c. CE	50	CIL III 15188, 3 (EDH HD037781) https://edh.ub.uni-heidelberg.de/edh/inschrift/HD037781	of January (Ianuarius)	3		high
Petronia	Petronia	g	nomen	INSCRIPTION	Petronia Firmina, epitaph, Rome, 1st–2nd c. CE	50	CIL VI 41275 (EDH HD010423) https://edh.ub.uni-heidelberg.de/edh/inschrift/HD010423		3		high
Quarta	Quarta	g	cognomen	INSCRIPTION	Aemilia Quarta, epitaph, Corduba (Córdoba), 1st c. BCE–1st c. CE	45	CIL II²/7, 333 (EDH HD028340) https://edh.ub.uni-heidelberg.de/edh/inschrift/HD028340	quartus, fourth	3		high
Iucunda	Iucunda	g	cognomen	INSCRIPTION	Fulcinia Iucunda, epitaph, Valentia (Valencia), 1st c. CE	39	CIL II²/14, 120a (EDH HD024410) https://edh.ub.uni-heidelberg.de/edh/inschrift/HD024410	iucundus, pleasant, delightful	3		high
Calpurnia	Calpurnia	g	nomen	INSCRIPTION	Calpurnia Tertulla, epitaph, Corduba (Córdoba), 1st c. CE	35	CIL II²/7, 379 (EDH HD003721) https://edh.ub.uni-heidelberg.de/edh/inschrift/HD003721		3		high
Pomponia	Pomponia	g	nomen	INSCRIPTION	Pomponia Alce, epitaph, Salonae (Solin), 2nd–3rd c. CE	35	CIL III 2477 (EDH HD028164) https://edh.ub.uni-heidelberg.de/edh/inschrift/HD028164		3		high
Terentia	Terentia	g	nomen	INSCRIPTION	Terentia Tertulla, epitaph, Contosolia (Magacela), 1st c. CE	35	CIL II²/7, 971 (EDH HD029954) https://edh.ub.uni-heidelberg.de/edh/inschrift/HD029954		3		high
Candida	Candida	g	cognomen	INSCRIPTION	Ulpia Candida, epitaph, Colonia Ulpia Traiana Sarmizegetusa (Densuş), 2nd c. CE	32	CIL III 1529 (EDH HD020584) https://edh.ub.uni-heidelberg.de/edh/inschrift/HD020584	candidus, shining white	3		high
Septimia	Septimia	g	nomen	INSCRIPTION	Septimia Severa, epitaph, Sabora (Cañete la Real), 1st–2nd c. CE	30	CIL II²/5, 885 (EDH HD030749) https://edh.ub.uni-heidelberg.de/edh/inschrift/HD030749		3		high
Romana	Romana	g	cognomen	INSCRIPTION	Trebia Romana, epitaph, Corduba (Córdoba), 3rd c. CE	15	CIL II²/7, 548 (EDH HD028907) https://edh.ub.uni-heidelberg.de/edh/inschrift/HD028907	Romanus, Roman	3		high
Concordia	Concordia	g	cognomen	INSCRIPTION	Aeliae Concordia, epitaph, Aquincum (Vértesacsa), 2nd c. CE	13	CIL III 6454 (EDH HD031906) https://edh.ub.uni-heidelberg.de/edh/inschrift/HD031906	concordia, harmony	3		high
Sulpicia	Sulpicia	g	nomen	INSCRIPTION	Sulpicia Phoebilla, epitaph, Astigi (Écija), 1st–2nd c. CE	8	CIL II²/5, 1244 (EDH HD000855) https://edh.ub.uni-heidelberg.de/edh/inschrift/HD000855		3		high
Vitalia	Vitalia	g	cognomen	INSCRIPTION	Aurelia Vitalia, epitaph, Salonae (Solin), 3rd–4th c. CE	4	CIL III 2108 (EDH HD063059) https://edh.ub.uni-heidelberg.de/edh/inschrift/HD063059	from vitalis, of life	3		high
Agrippina	Agrippina	g	cognomen	INSCRIPTION	Aelia Agrippina, epitaph, Ulpiana (Graçanicë / Gračanica), 2nd c. CE	3	CIL III 8180 (EDH HD043410) https://edh.ub.uni-heidelberg.de/edh/inschrift/HD043410		3		high
Secundus	Secundus	b	cognomen	INSCRIPTION	Verginius Secundus, epitaph, Comum (Como), 1st–2nd c. CE	361	CIL V 5306 (EDH HD001568) https://edh.ub.uni-heidelberg.de/edh/inschrift/HD001568	secundus, second; favourable	3		high
Valens	Valens	b	cognomen	INSCRIPTION	Aurelius Valens, epitaph, Utus (Guljanci), 2nd–3rd c. CE	302	CIL III 12356 (EDH HD016175) https://edh.ub.uni-heidelberg.de/edh/inschrift/HD016175	valens, strong	3		high
Saturninus	Saturninus	b	cognomen	INSCRIPTION	Aufidius Saturninus, epitaph, Jérica (Xèrica), 1st c. CE	252	CIL II²/14, 241 (EDH HD024734) https://edh.ub.uni-heidelberg.de/edh/inschrift/HD024734		3		high
Primus	Primus	b	cognomen	INSCRIPTION	Sextus Titius Primus, epitaph, Suasa (Castelleone di Suasa), 1st c. CE	234	CIL XI 6176 (EDH HD003368) https://edh.ub.uni-heidelberg.de/edh/inschrift/HD003368	primus, first	3		high
Vitalis	Vitalis	b	cognomen	INSCRIPTION	Flavius Vitalis, epitaph, Furnos Minus (Hr. el Msaadine), 4th c. CE	232	CIL VIII 25810 (EDH HD000411) https://edh.ub.uni-heidelberg.de/edh/inschrift/HD000411	vitalis, of life	3		high
Sabinus	Sabinus	b	cognomen	INSCRIPTION	Lucius Plotius Sabinus, epitaph, Rome, 2nd c. CE	218	CIL VI 41111 (EDH HD030502) https://edh.ub.uni-heidelberg.de/edh/inschrift/HD030502	Sabine	3		high
Ianuarius	Ianuarius	b	cognomen	INSCRIPTION	Flavius Ianuarius, epitaph, Ovilava (Wels), 4th–5th c. CE	173	CIL III 13529 (EDH HD034872) https://edh.ub.uni-heidelberg.de/edh/inschrift/HD034872	of January	3		high
Tertius	Tertius	b	cognomen	INSCRIPTION	Quintus Aurelius Tertius, epitaph, Colonia Ulpia Traiana Sarmizegetusa (Sarmizegetusa), 2nd c. CE	167	CIL III 6269 (EDH HD026988) https://edh.ub.uni-heidelberg.de/edh/inschrift/HD026988	tertius, third	3		high
Fortunatus	Fortunatus	b	cognomen	INSCRIPTION	Publius Publicius Fortunatus, epitaph, Corduba (Córdoba), 2nd c. CE	123	CIL II²/7, 301 (EDH HD028256) https://edh.ub.uni-heidelberg.de/edh/inschrift/HD028256	fortunatus, fortunate	3		high
Hilarus	Hilarus	b	cognomen	INSCRIPTION	Quintus Caecilius Hilarus, epitaph, Rome, 1st c. BCE–1st c. CE	53	CIL VI 37380 (EDH HD001835) https://edh.ub.uni-heidelberg.de/edh/inschrift/HD001835	hilarus, cheerful	3		high
Antoninus	Antoninus	b	cognomen	INSCRIPTION	Quintus Septimius Antoninus, epitaph, Salonae (Klis), 1st–3rd c. CE	40	CIL III 14850 (EDH HD060785) https://edh.ub.uni-heidelberg.de/edh/inschrift/HD060785		3		high
Nero	Nero	b	cognomen	INSCRIPTION	Nero, son of Sabinus, archer of the cohors I Aelia sagittariorum, died at 30, epitaph, Klosterneuburg (Austria), 2nd c. CE	3	AE 1992, 1439 (EDH HD053805) https://edh.ub.uni-heidelberg.de/edh/inschrift/HD053805		3	Also the emperor Nero (54–68 CE); most Neros in EDH are the imperial Claudii.	high
